Date,Code,Name,TradeVolume,TradeValue,OpeningPrice,HighestPrice,LowestPrice,ClosingPrice,Change,Transaction
1150608,00400A,主動國泰動能高息,63381811,870333037,13.28,14.10,13.28,14.08,-0.4700,14872
1150608,00401A,主動摩根台灣鑫收,8323687,108842036,12.72,13.26,12.72,13.25,-0.4300,1586
1150608,00403A,主動統一升級50,687072227,6834206053,9.70,10.15,9.69,10.13,-0.2800,165474
1150608,0050,元大台灣50,524952235,52211365308,98.05,101.30,98.05,100.95,-3.2000,599172
1150608,0051,元大中型100,238808,32257654,139.95,139.95,133.00,137.25,-6.0000,1303
1150608,0052,富邦科技,72781356,4254363343,57.25,59.25,57.25,58.85,-2.1500,59819
1150608,0053,元大電子,97085,22194060,228.60,231.80,225.00,230.90,-8.4000,2030
1150608,0055,元大MSCI金融,1454427,55120684,37.34,38.32,37.34,38.15,-0.9900,1166
1150608,0056,元大高股息,126733268,6198509757,47.67,49.45,47.64,49.45,-2.3500,106806
1150608,0057,富邦摩台,15231,4517820,293.90,299.50,293.25,298.40,-9.6000,117
1150608,0061,元大寶滬深,278350,6787093,24.30,24.58,24.25,24.25,-0.7500,261
1150608,006203,元大MSCI台灣,21871,3979007,181.00,183.50,179.05,183.35,-5.1500,112
1150608,006204,永豐臺灣加權,26570,5673182,213.45,216.70,212.30,216.70,-8.8000,117
1150608,006205,富邦上証,1294442,51407847,40.00,40.00,39.42,39.42,-1.0700,328
1150608,006206,元大上證50,65461,2343598,36.23,36.23,35.39,35.72,-0.6300,317
1150608,006207,復華滬深,366886,11980325,32.74,32.80,32.53,32.53,-0.9000,152
1150608,006208,富邦台50,10547287,2446967930,228.50,234.75,227.35,233.85,-7.2000,43067
1150608,00625K,富邦上証+R,6000,52020,8.67,8.67,8.67,8.67,0.0000,2
1150608,00631L,元大台灣50正2,732939511,24652062223,32.26,34.80,32.25,33.80,-2.8700,261062
1150608,00632R,元大台灣50反1,312368578,3400405997,11.06,11.06,10.75,10.77,0.4000,30664
1150608,00633L,富邦上証正2,2845005,143020245,50.90,50.95,49.80,49.90,-2.6500,862
1150608,00634R,富邦上証反1,2207799,6877248,3.05,3.14,3.05,3.13,0.0800,77
1150608,00635U,期元大S&P黃金,5898388,266197704,45.42,45.42,44.99,45.03,-1.4000,5828
1150608,00636,國泰中國A50,776262,21847066,28.20,28.32,27.96,28.05,-0.6600,382
1150608,00636K,國泰中國A50+U,200,1802,9.01,9.01,9.01,9.01,-0.2400,2
1150608,00637L,元大滬深300正2,29807422,622738114,21.00,21.15,20.65,20.65,-1.0400,3797
1150608,00638R,元大滬深300反1,575000,3821780,6.51,6.69,6.51,6.67,0.1700,82
1150608,00639,富邦深100,1818412,32300681,17.95,17.95,17.65,17.65,-0.6400,414
1150608,00640L,富邦日本正2,494868,47702809,97.15,97.45,95.35,96.05,-5.8000,340
1150608,00641R,富邦日本反1,2536593,9996642,3.94,3.96,3.92,3.94,0.1000,196
1150608,00642U,期元大S&P石油,11844559,352476613,29.42,30.06,29.28,29.89,0.4700,1554
1150608,00643,群益深証中小,3928584,75231835,19.55,19.55,18.96,18.97,-0.8300,922
1150608,00643K,群益深証中小+R,3000,12720,4.25,4.25,4.23,4.23,0.0000,3
1150608,00645,富邦日本,236774,12823958,54.30,54.40,53.90,54.05,-1.6000,633
1150608,00646,元大S&P500,12915266,948961692,73.65,73.70,73.25,73.35,-1.3500,7645
1150608,00647L,元大S&P500正2,80942,10598500,130.35,131.30,130.35,130.55,-5.2500,276
1150608,00648R,元大S&P500反1,3310084,13362997,4.03,4.06,4.02,4.05,0.0800,173
1150608,00650L,復華香港正2,4454659,71119925,15.78,16.24,15.78,16.00,-0.4500,738
1150608,00651R,復華香港反1,342662,1850759,5.40,5.45,5.38,5.41,0.1000,56
1150608,00652,富邦印度,293055,9221358,31.40,31.60,31.38,31.57,-0.0800,510
1150608,00653L,富邦印度正2,541293,23225701,43.24,43.36,42.75,43.36,-0.7400,151
1150608,00654R,富邦印度反1,101562,714443,7.06,7.06,7.01,7.02,0.0700,30
1150608,00655L,國泰中國A50正2,2059974,72508836,35.70,35.70,34.70,34.87,-1.7300,407
1150608,00656R,國泰中國A50反1,110000,645820,5.77,5.91,5.77,5.91,0.1700,19
1150608,00657,國泰日經225,115431,8589218,74.95,75.05,74.10,74.50,-3.3500,136
1150608,00657K,國泰日經225+U,200,4748,23.74,23.74,23.74,23.74,-0.9700,2
1150608,00660,元大歐洲50,12478,544751,44.04,44.04,43.22,43.50,-0.9100,120
1150608,00661,元大日經225,703733,57848975,82.50,82.95,81.50,82.05,-3.9000,991
1150608,00662,富邦NASDAQ,8924542,1056035394,117.90,118.75,117.70,118.15,-3.9000,12310
1150608,00663L,國泰臺灣加權正2,26181500,2541123832,94.80,99.20,94.65,97.65,-9.0000,15451
1150608,00664R,國泰臺灣加權反1,61104205,107352475,1.79,1.79,1.73,1.74,0.0700,2350
1150608,00665L,富邦恒生國企正2,14656279,134071581,9.05,9.32,9.02,9.16,-0.2500,1670
1150608,00666R,富邦恒生國企反1,29000,268960,9.37,9.37,9.24,9.30,0.1500,7
1150608,00668,國泰美國道瓊,33459,1960080,58.80,58.80,58.45,58.50,-0.8500,124
1150608,00668K,國泰美國道瓊+U,200,3722,18.61,18.61,18.61,18.61,-0.2400,2
1150608,00669R,國泰美國道瓊反1,1987138,10744271,5.42,5.43,5.39,5.41,0.0700,186
1150608,00670L,富邦NASDAQ正2,2337773,473375557,202.20,203.60,200.35,201.40,-15.7000,3503
1150608,00671R,富邦NASDAQ反1,10668448,26346731,2.47,2.48,2.46,2.48,0.0900,540
1150608,00673R,期元大S&P原油反1,27972108,343021759,12.35,12.40,12.09,12.15,-0.1500,1801
1150608,00674R,期元大S&P黃金反1,303195,8675955,28.49,28.69,28.43,28.67,0.8600,143
1150608,00675L,富邦臺灣加權正2,7471394,2193689843,285.00,300.15,285.00,295.45,-27.3000,9102
1150608,00676R,富邦臺灣加權反1,17610827,105121389,6.03,6.04,5.89,5.93,0.2400,1555
1150608,00678,群益那斯達克生技,488902,17438135,35.05,35.74,35.05,35.59,-0.1900,164
1150608,00680L,元大美債20正2,34236152,232882792,6.81,6.83,6.78,6.80,-0.0900,999
1150608,00681R,元大美債20反1,26000,550020,21.15,21.20,21.15,21.20,0.1300,5
1150608,00682U,期元大美元指數,2301,47302,20.54,20.55,20.54,20.55,0.1300,5
1150608,00683L,期元大美元指正2,81140,1752918,21.56,21.67,21.56,21.57,0.2100,26
1150608,00684R,期元大美元指反1,17000,255740,15.01,15.10,15.01,15.05,0.0000,8
1150608,00685L,群益臺灣加權正2,12170786,3236249815,261.60,271.25,258.35,266.85,-24.7000,27614
1150608,00686R,群益臺灣加權反1,17935867,19231684,1.07,1.09,1.06,1.07,0.0500,525
1150608,00688L,國泰20年美債正2,18572768,126080320,6.82,6.82,6.77,6.78,-0.0900,475
1150608,00689R,國泰20年美債反1,159100,3527782,22.18,22.18,22.11,22.14,0.1500,7
1150608,00690,兆豐藍籌30,1015111,76479955,74.50,76.55,73.80,76.55,-2.4500,1494
1150608,00692,富邦公司治理,2783578,242445202,86.00,88.10,85.80,87.70,-2.7000,3998
1150608,00693U,期街口S&P黃豆,1015351,21031689,20.66,20.78,20.65,20.70,-0.2300,337
1150608,00700,富邦恒生國企,83313,1395697,16.78,16.93,16.60,16.75,-0.1800,197
1150608,00701,國泰股利精選30,1434706,49858762,33.89,35.05,33.89,34.87,-1.1100,1062
1150608,00702,國泰標普低波高息,83371,1971365,23.50,23.90,23.50,23.90,0.1800,93
1150608,00703,台新MSCI中國,91760,1757317,19.26,19.27,19.02,19.11,-0.4000,81
1150608,00706L,期元大S&P日圓正2,1908735,36200849,18.98,19.00,18.94,18.98,-0.0600,501
1150608,00707R,期元大S&P日圓反1,,,,,,,0.0000,
1150608,00708L,期元大S&P黃金正2,5469710,445524958,81.70,82.40,80.75,81.20,-5.1500,3778
1150608,00709,富邦歐洲,90873,3459487,38.30,38.35,37.79,38.06,-0.4200,240
1150608,00710B,復華彭博非投等債,427964,8114022,18.83,18.98,18.83,18.97,0.0500,98
1150608,00711B,復華彭博新興債,199908,3209938,16.09,16.09,16.03,16.03,-0.0600,72
1150608,00712,復華富時不動產,38252822,331296167,8.65,8.70,8.63,8.69,-0.0200,8076
1150608,00713,元大台灣高息低波,13224359,759868241,56.55,57.85,56.55,57.65,-2.0000,10450
1150608,00714,群益道瓊美國地產,334701,7184694,21.16,21.48,21.16,21.47,0.0300,98
1150608,00715L,期街口布蘭特正2,12972467,730817662,55.10,57.45,54.70,57.10,2.0000,3041
1150608,00717,富邦美國特別股,114534,1711381,15.00,15.00,14.91,14.94,-0.1100,254
1150608,00728,第一金工業30,173965,10403874,57.55,60.35,57.55,60.25,-2.1500,601
1150608,00730,富邦臺灣優質高息,384670,10740753,28.03,28.13,27.38,28.06,-1.3500,432
1150608,00731,復華富時高息低波,749492,61201020,80.85,82.00,80.65,81.95,-2.2000,454
1150608,00733,富邦臺灣中小,1495552,101919899,69.00,69.90,66.45,69.75,-3.2500,1501
1150608,00735,國泰臺韓科技,8215832,851843907,100.40,105.85,100.40,104.65,-5.8500,9524
1150608,00736,國泰新興市場,168302,5039579,30.03,30.03,29.88,29.99,-0.6300,93
1150608,00737,國泰AI機器人,327639,12578222,37.99,38.60,37.99,38.40,-1.8100,475
1150608,00738U,期元大道瓊白銀,12628511,689093753,55.00,55.15,54.05,54.50,-4.0500,6177
1150608,00739,元大MSCI A股,93791,2631992,28.50,28.50,27.87,27.87,-1.0400,211
1150608,00752,中信中國50,2406576,54596903,22.61,22.89,22.51,22.66,-0.3500,907
1150608,00753L,中信中國50正2,16777362,157191095,9.32,9.52,9.28,9.35,-0.4000,2703
1150608,00757,統一FANG+,2468292,314704116,127.25,128.00,126.85,127.10,-4.6000,6465
1150608,00762,元大全球AI,507602,56715264,110.00,112.50,108.00,111.75,-5.8000,1176
1150608,00763U,期街口道瓊銅,987160,33147824,33.58,33.72,33.40,33.54,-0.8300,549
1150608,00770,國泰北美科技,846748,55837003,66.45,66.45,65.50,65.75,-3.4000,1254
1150608,00771,元大US高息特別股,16121,254623,15.77,15.80,15.77,15.79,0.0200,163
1150608,00775B,新光投等債15+,81746,2623700,32.17,32.17,32.10,32.10,-0.2600,94
1150608,00783,富邦中証500,144604,4118517,28.47,28.66,28.06,28.06,-1.4200,113
1150608,00830,國泰費城半導體,26956805,2366764251,86.00,88.60,86.00,87.90,-6.0500,29162
1150608,00850,元大臺灣ESG永續,1748995,149327662,84.05,86.60,84.05,86.40,-3.3000,3461
1150608,00851,台新全球AI,15323,1055102,68.50,69.45,68.50,69.45,-2.2500,105
1150608,00852L,國泰美國道瓊正2,159754,5241039,32.80,33.00,32.66,32.77,-1.0200,66
1150608,00861,元大全球未來通訊,456689,40433583,86.65,88.90,86.65,88.30,-4.7500,2130
1150608,00865B,國泰US短期公債,4943918,237269945,47.94,48.07,47.92,48.05,0.1300,1411
1150608,00875,國泰網路資安,602094,29001174,48.12,48.22,47.99,48.01,-1.6100,224
1150608,00876,元大全球5G,299089,26558870,86.00,89.10,86.00,88.70,-5.0500,2191
1150608,00878,國泰永續高股息,142765587,4400040906,30.02,31.17,30.02,31.11,-1.2100,70992
1150608,00881,國泰台灣科技龍頭,24142775,1245841165,50.00,52.55,50.00,52.40,-1.7000,17639
1150608,00882,中信中國高股息,16928606,264462465,15.30,15.76,15.30,15.66,-0.0800,2244
1150608,00885,富邦越南,4828201,88204403,17.79,18.44,17.79,18.21,-0.4400,1732
1150608,00891,中信關鍵半導體,36236563,1209535262,32.30,33.98,32.30,33.76,-1.5600,16480
1150608,00892,富邦台灣半導體,2851611,117259484,40.32,42.01,40.10,41.87,-1.7800,2332
1150608,00893,國泰智能電動車,1437870,63980716,43.90,44.99,43.90,44.43,-2.5800,1421
1150608,00894,中信小資高價30,3021084,139917936,45.00,47.22,44.90,47.22,-1.7700,2607
1150608,00895,富邦未來車,712706,35546013,48.00,50.15,48.00,49.87,-2.3300,914
1150608,00896,中信綠能及電動車,17019285,466522003,27.19,27.78,27.05,27.77,-1.1900,7644
1150608,00897,富邦基因免疫生技,1316377,12825054,9.80,9.80,9.70,9.74,-0.0800,356
1150608,00898,國泰基因免疫革命,275305,2269120,8.30,8.30,8.20,8.23,-0.1800,296
1150608,00899,FT潔淨能源,87329,2423806,27.99,27.99,27.63,27.75,-1.2700,277
1150608,00900,富邦特選高股息30,16088227,298953123,18.18,18.76,18.18,18.70,-1.0800,4232
1150608,00901,永豐智能車供應鏈,482284,21185352,42.86,44.38,42.86,44.38,-1.8100,419
1150608,00902,中信電池及儲能,2316645,34608606,14.68,15.08,14.68,14.88,-0.9700,1155
1150608,00903,富邦元宇宙,744568,16091519,22.70,22.70,21.37,21.60,-1.2700,256
1150608,00904,新光臺灣半導體30,3853134,149424388,37.76,39.56,37.76,39.49,-1.6100,2052
1150608,00905,FT臺灣Smart,3438029,89038309,25.30,26.32,25.30,26.23,-0.9500,2299
1150608,00907,永豐優息存股,1710583,26842473,15.59,15.86,15.51,15.73,-0.5700,814
1150608,00908,富邦入息REITs+,59567,867649,14.59,14.59,14.55,14.56,-0.0300,138
1150608,00909,國泰數位支付服務,4803523,226335407,46.00,47.63,46.00,47.32,-2.3700,2481
1150608,00910,第一金太空衛星,7501897,532141542,70.35,71.50,70.00,70.60,-5.9500,15165
1150608,00911,兆豐洲際半導體,581618,34682812,58.00,60.30,58.00,59.90,-3.7500,2661
1150608,00912,中信臺灣智慧50,1653947,52466320,30.88,32.08,30.85,32.05,-0.7800,692
1150608,00913,兆豐台灣晶圓製造,1945745,89972710,45.30,46.93,45.20,46.70,-2.5300,1477
1150608,00915,凱基優選高股息30,7641514,222981669,28.46,29.42,28.46,29.28,-1.2500,2466
1150608,00916,國泰全球品牌50,9080165,270923649,29.94,30.13,29.00,30.00,0.0000,4154
1150608,00917,中信特選金融,980610,21432808,21.90,21.91,21.70,21.81,-0.1100,482
1150608,00918,大華優利高填息30,129480333,3808286195,29.00,29.70,28.99,29.61,-1.3300,51414
1150608,00919,群益台灣精選高息,287348480,8414672025,28.66,29.65,28.66,29.48,-1.1900,131196
1150608,00920,富邦ESG綠色電力,553514,14223472,25.99,25.99,25.48,25.84,-1.0600,746
1150608,00921,兆豐龍頭等權重,1117277,24804610,21.93,22.34,21.76,22.34,-0.7600,406
1150608,00922,國泰台灣領袖50,21372676,811795817,37.25,38.54,37.24,38.47,-1.2200,14887
1150608,00923,群益台ESG低碳50,10936464,438942504,39.17,40.65,39.17,40.53,-1.4800,5289
1150608,00924,復華S&P500成長,3472624,110634165,31.77,31.99,31.75,31.89,-0.7100,3611
1150608,00926,凱基全球菁英55,1478666,36633698,24.87,24.87,24.71,24.76,-0.2100,435
1150608,00927,群益半導體收益,25661115,934753659,35.76,37.00,35.70,36.90,-2.2300,13196
1150608,00929,復華台灣科技優息,66694214,1846250326,27.12,28.18,27.11,28.08,-1.8600,25084
1150608,00930,永豐ESG低碳高息,2352588,55438279,23.48,23.77,22.66,23.65,-1.3600,695
1150608,00932,兆豐永續高息等權,2084063,35848932,16.95,17.41,16.94,17.30,-0.6500,536
1150608,00934,中信成長高股息,5442040,146506246,26.58,27.19,26.56,27.16,-1.4200,2271
1150608,00935,野村臺灣新科技50,34655563,1967296451,55.75,57.80,55.60,57.50,-2.4000,26108
1150608,00936,台新永續高息中小,4707415,95060617,19.55,20.38,19.55,20.30,-1.0100,764
1150608,00938,凱基優選30,697105,15574172,21.39,22.57,21.39,22.45,-0.6800,281
1150608,00939,統一台灣高息動能,8291642,166174427,19.92,20.22,19.86,20.14,-0.7500,2139
1150608,00940,元大台灣價值高息,47224342,560678311,11.73,12.01,11.73,11.99,-0.5500,8415
1150608,00941,中信上游半導體,2848407,71169445,24.70,25.17,24.51,25.06,-0.9900,1209
1150608,00943,兆豐電子高息等權,514854,10580101,20.44,20.88,20.33,20.85,-1.2400,204
1150608,00944,野村趨勢動能高息,724671,14524975,19.78,20.16,19.78,20.10,-0.9100,345
1150608,00945B,凱基美國非投等債,12037763,173389402,14.33,14.44,14.33,14.43,0.0200,886
1150608,00946,群益科技高息成長,6076196,87492940,14.22,14.60,14.20,14.52,-0.7500,1634
1150608,00947,台新臺灣IC設計,8478077,297870292,34.26,35.87,34.25,35.83,-1.9400,5319
1150608,00949,復華日本龍頭,1216426,24549974,20.52,20.52,20.08,20.16,-0.5700,731
1150608,00951,台新日本半導體,6055838,101187514,16.60,16.86,16.50,16.68,-1.3400,2179
1150608,00952,凱基台灣AI50,7481219,134138955,17.91,18.18,17.68,18.15,-1.0800,2235
1150608,00953B,群益優選非投等債,72570797,691307817,9.51,9.55,9.49,9.55,0.0100,5351
1150608,00954,中信日本半導體,7787285,138951931,17.67,17.98,17.63,17.78,-1.5000,1935
1150608,00956,中信日經高股息,494013,5967863,12.03,12.15,12.03,12.08,-0.1900,263
1150608,00960,野村全球航運龍頭,1563103,27385825,17.41,17.57,17.41,17.55,-0.0100,513
1150608,00961,FT臺灣永續高息,10613305,133541568,12.42,12.71,12.42,12.66,-0.4500,2524
1150608,00962,台新AI優息動能,1785260,25889847,14.45,14.70,14.21,14.68,-0.8900,676
1150608,00963,中信全球高股息,1339492,16744025,12.50,12.54,12.44,12.51,-0.0500,388
1150608,00964,中信亞太高股息,6261062,88255551,14.16,14.36,14.02,14.15,-0.4000,775
1150608,00965,元大航太防衛科技,2496307,60175957,23.94,24.27,23.94,24.16,-0.6400,1924
1150608,00971,野村美國研發龍頭,559659,9300307,16.21,16.70,16.21,16.62,-0.3800,475
1150608,00972,野村日本動能高息,294386,5620506,19.02,19.22,19.02,19.07,-0.1700,73
1150608,009800,中信NASDAQ,2712051,34664413,12.80,12.83,12.74,12.76,-0.4100,1848
1150608,009801,中信美國創新科技,4391749,53136708,12.10,12.18,12.02,12.07,-0.4900,938
1150608,009802,富邦旗艦50,11050374,208269991,18.58,19.15,18.58,19.14,-0.9600,4077
1150608,009803,玉山市值動能50,6673369,141424743,20.67,21.92,20.58,21.78,-0.1500,3590
1150608,009804,聯邦台精彩50,1801463,40180730,21.50,22.59,21.50,22.54,-0.8300,809
1150608,009805,新光美國電力基建,14740032,238410010,16.10,16.29,16.06,16.26,-0.3300,5563
1150608,009808,華南永昌優選50,1264133,37163207,28.80,29.75,28.75,29.62,-1.1000,281
1150608,009809,富邦淨零ESG50,3716651,61002907,16.32,16.89,16.19,16.47,-0.7100,174
1150608,00980A,主動野村臺灣優選,15490913,357283866,22.59,23.68,22.59,23.64,-0.6800,6266
1150608,009810,玉山全球藍籌100,108556,2220118,20.50,20.50,20.37,20.43,-0.3300,145
1150608,009811,統一美國50,3496331,44583647,12.65,12.80,12.64,12.74,-0.2600,1302
1150608,009812,野村日本東證,839260,9976897,11.94,11.98,11.82,11.89,-0.2900,482
1150608,009813,貝萊德標普卓越50,4866386,54230810,11.07,11.18,11.07,11.15,-0.1600,1132
1150608,009816,凱基台灣TOP50,374455363,5442084387,14.18,14.74,14.18,14.68,-0.5100,131213
1150608,009817,國泰日本不動產,3350216,28795132,8.50,8.64,8.50,8.60,0.0400,412
1150608,009818,華南永昌NASDAQxT,568961,10781899,18.90,19.08,18.78,18.98,-0.9400,246
1150608,009819,中信數據及電力,20559367,211388894,10.22,10.35,10.20,10.33,-0.4200,7098
1150608,00981A,主動統一台股增長,410034404,11949458748,28.12,29.90,28.11,29.89,-0.9200,173476
1150608,00981T,平衡凱基雙核收息,4046495,48273317,11.70,12.02,11.70,12.02,-0.1200,605
1150608,009820,元大納斯達克精選,17608237,177368054,10.02,10.12,10.01,10.09,-0.3600,3312
1150608,00982A,主動群益台灣強棒,54856570,1216609129,21.70,22.65,21.68,22.59,-1.1500,20699
1150608,00982D,主動富邦動態入息,883780,8756545,9.92,9.92,9.89,9.91,-0.0300,209
1150608,00982T,平衡兆豐台美動能,117643,1764346,14.85,15.10,14.85,15.09,-0.3800,47
1150608,00983A,主動中信ARK創新,1883122,21370836,11.13,11.42,11.13,11.35,-0.5400,908
1150608,00983D,主動富邦複合收益,1867043,18781317,10.03,10.08,10.03,10.08,-0.0300,272
1150608,00984A,主動安聯台灣高息,12145253,187680609,15.14,15.68,15.14,15.64,-0.6900,5587
1150608,00984D,主動聯博全球非投,10486718,104802558,9.99,10.01,9.98,10.00,-0.0100,1300
1150608,00985A,主動野村台灣50,7558213,158006896,20.29,21.40,20.24,21.37,-0.6300,3600
1150608,00985B,群益ESG投等債0-5,8731221,88498712,10.12,10.15,10.11,10.15,0.0200,1184
1150608,00986A,主動台新龍頭成長,1075831,15679236,13.85,14.67,13.85,14.58,-0.6100,430
1150608,00987A,主動台新優勢成長,7272899,118457338,15.85,16.82,15.85,16.78,-0.6000,2528
1150608,00988A,主動統一全球創新,150737615,3032241797,19.70,20.36,19.68,20.25,-1.2100,54003
1150608,00989A,主動摩根美國科技,2142082,36973319,17.00,17.45,16.91,17.22,-0.9100,642
1150608,00990A,主動元大AI新經濟,110068379,2068752082,18.35,19.10,18.35,18.90,-1.3500,29222
1150608,00991A,主動復華未來50,122886451,2240781374,17.52,18.73,17.52,18.69,-0.5300,38352
1150608,00992A,主動群益科技創新,69710609,1188597153,16.49,17.55,16.48,17.52,-0.4100,20986
1150608,00993A,主動安聯台灣,15434769,194350911,12.16,12.96,12.16,12.92,-0.4900,3949
1150608,00994A,主動第一金台股優,11705029,199455029,16.50,17.46,16.50,17.43,-0.4800,4478
1150608,00995A,主動中信台灣卓越,8468641,141203346,16.04,17.11,16.00,17.09,-0.5300,2659
1150608,00996A,主動兆豐台灣豐收,14128970,199361702,13.74,14.46,13.74,14.44,-0.5500,2916
1150608,00997A,主動群益美國增長,29028064,364308160,12.25,12.68,12.25,12.62,-0.8400,9370
1150608,00999A,主動野村臺灣高息,43838983,468781931,10.47,10.90,10.47,10.90,-0.2900,10742
1150608,01001T,土銀富邦R1,18000,208980,11.60,11.62,11.60,11.62,-0.0200,6
1150608,01002T,土銀國泰R1,10173,143575,14.10,14.10,14.09,14.09,-0.0100,12
1150608,01004T,土銀富邦R2,93000,971100,10.45,10.45,10.43,10.44,-0.0100,54
1150608,01007T,兆豐國泰R2,65000,820800,12.67,12.67,12.61,12.62,-0.0500,52
1150608,01009T,王道圓滿R1,76000,430530,5.62,5.70,5.62,5.67,-0.0700,10
1150608,01010T,京城樂富R1,82274,822451,9.93,10.00,9.93,10.00,0.0000,45
1150608,020000,富邦特選蘋果N,1000,30590,30.59,30.59,30.59,30.59,-2.3900,1
1150608,020011,統一微波高息20N,,,,,,,0.0000,
1150608,020012,富邦行動通訊N,,,,,,,0.0000,
1150608,02001L,富邦蘋果正二N,341000,49910000,146.00,155.85,141.00,155.85,-10.6000,177
1150608,020020,元大台股領航N,19000,511920,26.93,27.27,26.60,27.17,-1.0600,14
1150608,020028,元大特選電動車N,104000,2111200,20.30,20.30,20.30,20.30,-1.0000,3
1150608,020029,元大ESG高股息N,9000,150570,16.63,16.80,16.63,16.80,-1.0900,4
1150608,020030,統一智慧電動車N,74000,1278810,17.14,17.69,17.05,17.64,-0.6800,14
1150608,020031,統一IC設計臺灣N,308000,2987960,9.63,10.00,9.63,9.92,-0.5500,24
1150608,020032,元大綠能N,,,,,,,0.0000,
1150608,020034,元大IC設計N,46000,598530,12.95,13.20,12.94,13.20,-1.1700,12
1150608,020036,元大金融配息N,24000,210420,8.85,8.85,8.66,8.79,-0.2000,13
1150608,020037,元大金融高股息N,31000,298590,9.63,9.69,9.63,9.69,-0.3300,2
1150608,020038,元大ESG配息N,30000,387050,12.84,13.03,12.84,13.03,-0.6300,4
1150608,020039,元大加權N,32000,432430,12.88,13.78,12.88,13.78,-0.5300,9
1150608,1101,台泥,51860722,1231623198,23.85,24.00,23.55,23.85,-0.5500,12584
1150608,1101B,台泥乙特,6497,294012,45.25,45.25,45.25,45.25,-0.0500,10
1150608,1102,亞泥,17810071,602114177,33.70,34.00,33.50,33.75,-0.6500,7837
1150608,1103,嘉泥,419172,5532998,13.30,13.35,13.10,13.20,-0.4000,374
1150608,1104,環泥,1763259,50991532,28.50,29.10,28.40,28.90,-0.5000,1039
1150608,1108,幸福,355100,4843807,13.60,13.70,13.55,13.60,-0.2000,192
1150608,1109,信大,150707,2194679,14.45,14.75,14.45,14.60,-0.2500,274
1150608,1110,東泥,399914,6153195,15.50,15.50,15.15,15.40,-0.6000,189
1150608,1201,味全,453954,5568662,12.10,12.40,12.10,12.30,-0.1500,500
1150608,1203,味王,9583,406234,42.20,42.85,42.20,42.35,-0.5000,132
1150608,1210,大成,9444867,510474665,53.50,54.70,53.20,54.00,-0.4000,4787
1150608,1213,大飲,2002,16866,8.42,8.43,8.42,8.43,0.0000,4
1150608,1215,卜蜂,4304337,496870984,116.00,117.50,114.00,115.00,-4.0000,4180
1150608,1216,統一,12796465,936855718,73.10,74.00,72.40,72.90,-0.9000,6721
1150608,1217,愛之味,882739,8685989,9.87,9.90,9.74,9.86,-0.0600,633
1150608,1218,泰山,1516781,29189457,19.00,19.45,18.90,19.40,0.0500,892
1150608,1219,福壽,719307,8898850,12.25,12.45,12.15,12.45,0.0000,375
1150608,1220,台榮,106641,1254731,11.85,11.85,11.65,11.75,-0.2000,424
1150608,1225,福懋油,785134,23456460,28.70,30.60,28.60,30.35,0.8500,330
1150608,1227,佳格,3878594,109654828,28.40,28.60,28.10,28.30,-0.5500,1562
1150608,1229,聯華,3512189,143109685,40.00,41.10,40.00,40.95,-1.0500,2707
1150608,1231,聯華食,466461,40503831,87.10,87.70,86.00,86.70,-2.3000,764
1150608,1232,大統益,216944,32180007,148.00,149.50,147.50,148.00,-1.5000,425
1150608,1233,天仁,27786,754325,27.10,27.40,27.00,27.40,-0.3000,65
1150608,1234,黑松,270288,9368640,34.90,34.95,34.50,34.50,-0.6500,341
1150608,1235,興泰,55386,2111367,37.55,38.70,36.55,37.60,-1.1000,39
1150608,1236,宏亞,55168,1398619,24.75,25.60,24.75,25.60,0.1000,76
1150608,1256,鮮活果汁-KY,206617,36246285,172.50,179.00,171.00,176.50,-4.5000,2534
1150608,1301,台塑,32845136,1496249710,45.50,46.10,45.15,45.85,-3.0500,16799
1150608,1303,南亞,55665706,5412031344,96.10,98.90,95.20,97.50,-7.0000,32004
1150608,1304,台聚,5356061,67843989,12.65,12.85,12.50,12.80,-0.6000,2146
1150608,1305,華夏,3247234,40856993,12.50,12.85,12.25,12.60,-0.6000,2115
1150608,1307,三芳,2049821,69744328,32.65,34.80,32.60,34.55,0.2500,1304
1150608,1308,亞聚,2224477,29576626,13.05,13.55,13.05,13.40,-0.4500,1050
1150608,1309,台達化,6187330,94708710,15.00,15.65,14.90,15.25,-1.1000,2683
1150608,1310,台苯,3197967,27529308,8.49,8.81,8.39,8.74,-0.2100,1535
1150608,1312,國喬,17866255,246714972,13.50,14.20,13.45,13.65,-0.7500,5570
1150608,1312A,國喬特,,,,,,,0.0000,
1150608,1313,聯成,5454626,59280949,10.75,11.10,10.55,10.90,-0.3500,1510
1150608,1314,中石化,36546385,286869819,7.64,8.04,7.63,7.94,-0.1500,8306
1150608,1315,達新,84319,5198292,61.00,62.00,60.40,61.20,-0.3000,62
1150608,1316,上曜,2493136,25750769,10.05,10.50,10.05,10.45,-0.1500,931
1150608,1319,東陽,8704441,829277243,93.00,97.80,93.00,97.80,-0.1000,6855
1150608,1321,大洋,219112,6343448,29.45,29.45,28.60,29.00,-0.7000,194
1150608,1323,永裕,71873,1423547,20.00,20.00,19.70,19.85,-0.3000,150
1150608,1324,地球,46487,484773,10.55,10.55,10.25,10.40,-0.3000,186
1150608,1325,恆大,831313,21865869,26.00,26.80,25.45,26.35,-0.3000,479
1150608,1326,台化,29772803,1450522121,49.65,50.70,48.00,48.75,-4.0500,16795
1150608,1337,再生-KY,557561,2744824,4.92,5.05,4.80,5.02,-0.0400,359
1150608,1338,廣華-KY,378340,6267563,17.25,17.25,16.15,16.55,-0.9000,228
1150608,1339,昭輝,210493,8916314,41.85,43.00,41.85,42.70,-0.8000,208
1150608,1340,勝悅-KY,494588,2719578,5.84,5.84,5.36,5.56,-0.3900,413
1150608,1341,富林-KY,6014,375566,63.10,63.10,61.40,62.70,-0.8000,10
1150608,1342,八貫,5868615,642059263,101.50,113.50,101.00,112.00,8.0000,5571
1150608,1402,遠東新,67921480,1821252841,26.70,27.05,26.40,26.75,-0.8000,13942
1150608,1409,新纖,25157429,612137479,24.35,25.00,23.55,24.80,-1.3500,11292
1150608,1410,南染,36482,935269,25.65,25.95,25.50,25.75,-0.1000,46
1150608,1413,宏洲,21272,199957,9.50,9.59,9.27,9.39,-0.1100,24
1150608,1414,東和,386547,6546174,16.70,17.40,16.15,17.35,0.4500,413
1150608,1416,廣豐,897066,10745344,11.50,11.75,11.40,11.65,-0.0500,251
1150608,1417,嘉裕,331813,2773378,8.10,8.45,8.00,8.45,-0.0900,265
1150608,1418,東華,56276,1069384,19.45,19.45,18.55,18.85,0.2000,46
1150608,1419,新紡,119606,7772224,64.60,65.60,64.60,65.10,-2.0000,320
1150608,1423,利華,1405893,60943219,41.65,44.60,41.65,43.65,-0.1000,1037
1150608,1432,大魯閣,576121,9844293,17.05,17.25,16.70,17.15,-0.0500,678
1150608,1434,福懋,3363687,54095025,15.90,16.25,15.80,16.15,-0.4500,1195
1150608,1436,華友聯,282877,12716074,45.00,45.20,44.20,45.00,-0.7000,281
1150608,1437,勤益控,104235,2974070,28.95,28.95,28.20,28.55,-0.6000,103
1150608,1438,三地開發,70425,1419358,20.05,20.45,20.00,20.05,-0.5500,118
1150608,1439,雋揚,63002,1562998,24.75,25.20,24.35,24.80,-0.7000,23
1150608,1440,南紡,7367537,98355498,12.95,13.60,12.90,13.40,-0.8500,2814
1150608,1441,大東,64361,595598,9.49,9.49,9.10,9.18,-0.3200,321
1150608,1442,名軒,691046,18420407,26.10,27.20,26.10,26.65,-0.6500,438
1150608,1443,立益物流,36201,952480,25.30,27.50,25.30,26.45,-0.5500,38
1150608,1444,力麗,3409641,23616747,6.32,7.17,6.32,7.10,0.2500,1315
1150608,1445,大宇,62248,704827,11.45,11.45,11.25,11.35,-0.3000,45
1150608,1446,宏和,218389,3537544,16.00,16.45,16.00,16.30,-0.3000,132
1150608,1447,力鵬,4324373,28493255,5.95,6.84,5.93,6.75,0.3400,1445
1150608,1449,佳和,6598580,97545668,13.55,14.90,13.55,14.90,1.3500,2034
1150608,1451,年興,226380,3745552,16.45,16.70,16.40,16.50,-0.3000,389
1150608,1452,宏益,77358,845374,10.95,11.05,10.80,11.05,0.0000,100
1150608,1453,大將,113693,1270496,11.20,11.30,11.00,11.15,-0.2500,298
1150608,1454,台富,61650,795200,12.95,13.00,12.65,12.75,-0.3000,238
1150608,1455,集盛,4917265,47444907,8.74,10.00,8.60,10.00,0.9000,1854
1150608,1456,怡華,85676,1190100,14.15,14.15,13.60,14.05,-0.4000,77
1150608,1457,宜進,632183,9178739,14.60,14.90,14.00,14.90,-0.6000,257
1150608,1459,聯發,181833,2111163,11.40,11.70,11.40,11.60,-0.1500,101
1150608,1460,宏遠,775949,5485599,6.78,7.30,6.78,7.04,-0.3800,330
1150608,1463,強盛新,72227,1266746,17.60,17.70,17.35,17.65,-0.0500,102
1150608,1464,得力,704408,7286780,10.35,10.50,10.20,10.40,-0.2000,430
1150608,1465,偉全,105355,1307906,12.00,12.55,12.00,12.40,-0.0500,155
1150608,1466,聚隆,227059,3188276,13.90,14.40,13.75,14.40,-0.1000,161
1150608,1467,南緯,1006383,7901855,7.45,8.27,7.35,7.94,0.2300,518
1150608,1468,昶和,46002,542821,11.90,11.90,11.70,11.85,-0.2000,38
1150608,1470,大統新創,3301,74081,22.40,22.60,22.25,22.60,0.2000,5
1150608,1471,首利,622612,6765318,10.90,11.25,10.60,11.05,-0.4000,334
1150608,1472,三洋實業,7908,703618,89.90,89.90,89.00,89.10,-1.0000,10
1150608,1473,台南,85467,1779237,21.00,21.00,20.60,21.00,-0.3000,150
1150608,1474,弘裕,105845,1085339,10.35,10.45,10.05,10.30,-0.2500,151
1150608,1475,業旺,62101,1561025,25.20,25.50,24.15,25.50,-0.4500,48
1150608,1476,儒鴻,1430908,485052771,343.00,346.50,335.00,337.50,-18.0000,2471
1150608,1477,聚陽,3197703,705787745,214.00,225.50,213.00,225.00,-3.0000,3588
1150608,1503,士電,10931551,2461651642,217.50,230.50,217.50,230.00,-11.5000,14422
1150608,1504,東元,36115404,2582542764,70.60,72.80,70.60,71.60,-6.8000,26867
1150608,1506,正道,555403,5548877,10.00,10.05,9.94,10.05,-0.1500,187
1150608,1512,瑞利,101520,691526,7.07,7.07,6.70,6.81,-0.2700,85
1150608,1513,中興電,18490201,3022322477,155.00,169.50,155.00,169.50,-1.0000,17743
1150608,1514,亞力,7288752,890901431,121.50,125.00,121.50,125.00,-10.0000,7816
1150608,1515,力山,1963795,46929482,23.75,24.45,23.70,23.85,-2.4500,1246
1150608,1516,川飛,4873,99294,20.90,20.90,20.60,20.60,-0.4000,40
1150608,1517,利奇,259925,2614486,10.00,10.30,9.95,10.25,-0.2000,397
1150608,1519,華城,4498611,3590421426,766.00,822.00,766.00,815.00,-36.0000,14394
1150608,1521,大億,41598,1103501,26.80,26.80,26.10,26.45,-1.2500,49
1150608,1522,堤維西,1360382,40742262,29.00,30.65,28.95,30.35,-1.7500,1763
1150608,1522A,堤維西甲特,,,,,,,0.0000,
1150608,1524,耿鼎,1448109,43309846,29.20,30.35,29.20,30.05,-2.2500,1781
1150608,1525,江申,39372,2626411,66.50,68.40,66.00,66.50,0.0000,39
1150608,1526,日馳,177935,2562968,14.60,14.70,14.20,14.55,-0.7000,141
1150608,1527,鑽全,291442,9584599,32.50,33.20,32.45,33.05,-0.3500,218
1150608,1528,恩德,5125175,131246885,25.05,26.25,25.05,26.00,-1.8000,3375
1150608,1529,樂事綠能,1129565,24644838,21.05,22.30,21.05,22.10,-0.9500,820
1150608,1530,亞崴,188111,5828884,29.90,32.20,29.75,32.00,-0.0500,236
1150608,1531,高林股,294674,3778416,12.80,12.95,12.65,12.90,-0.2500,198
1150608,1532,勤美,1137476,24815886,21.90,22.05,21.45,22.00,-0.4000,694
1150608,1533,車王電,480573,17810498,36.35,38.05,36.20,37.80,-2.1000,479
1150608,1535,中宇,237799,11739822,49.05,50.00,48.75,49.55,-1.5500,223
1150608,1536,和大,2624449,125613180,46.55,49.00,46.55,48.65,-1.8500,1992
1150608,1537,廣隆,174957,22029793,124.50,127.00,124.50,126.00,-2.5000,288
1150608,1538,正峰,4505,51355,11.35,11.85,11.15,11.15,-0.8500,7
1150608,1539,巨庭,115822,1815144,15.35,16.00,15.30,15.90,-0.4500,94
1150608,1540,喬福,405981,8754874,21.20,22.15,21.05,21.95,-0.6500,307
1150608,1541,錩泰,84491,1779901,21.10,21.85,20.90,21.00,-1.3500,62
1150608,1558,伸興,112982,10172391,91.50,91.50,89.60,90.00,-1.8000,163
1150608,1560,中砂,1525931,982400579,629.00,655.00,629.00,649.00,-49.0000,4282
1150608,1563,巧新,1422554,85010612,58.80,61.60,58.80,60.50,-4.8000,970
1150608,1568,倉佑,335966,13253811,39.45,39.45,39.45,39.45,-4.3500,254
1150608,1582,信錦,3977912,377480358,93.20,99.40,93.20,98.70,-4.8000,3604
1150608,1583,程泰,74022,3900460,55.50,55.50,52.00,52.00,-3.2000,76
1150608,1587,吉茂,1376533,38521679,28.00,28.80,27.40,28.50,-1.8000,747
1150608,1590,亞德客-KY,538630,679166140,1240.00,1290.00,1225.00,1280.00,-40.0000,1226
1150608,1597,直得,2210971,338751184,151.00,156.50,151.00,155.50,-12.0000,2511
1150608,1598,岱宇,466760,9800427,20.25,21.35,20.25,21.00,-0.3000,338
1150608,1603,華電,389156,12169751,30.50,31.65,30.50,31.45,-1.4500,287
1150608,1604,聲寶,507118,11796309,23.00,23.50,23.00,23.45,-0.0500,369
1150608,1605,華新,93563224,3341383467,35.65,36.45,35.60,35.80,-3.7500,29290
1150608,1608,華榮,5349480,180567359,33.00,34.35,33.00,33.70,-2.4000,3223
1150608,1609,大亞,12402482,455703483,35.30,37.45,35.30,36.95,-2.1500,7166
1150608,1611,中電,2764631,37196933,12.85,13.80,12.85,13.50,-0.6000,1543
1150608,1612,宏泰,2587636,97371109,36.10,38.30,36.10,37.75,-1.7500,1880
1150608,1614,三洋電,69577,2219054,31.20,32.25,31.20,31.75,-1.2000,119
1150608,1615,大山,193271,8537426,44.45,45.15,43.45,44.70,-0.9500,184
1150608,1616,億泰,1169134,25712706,21.20,22.60,21.20,22.40,-0.8500,769
1150608,1617,榮星,195879,3079607,15.15,16.10,15.15,16.10,-0.6000,284
1150608,1618,合機,1517599,60597597,38.20,41.10,38.20,40.85,-1.1500,1059
1150608,1623,大東電,264619,56709589,210.00,221.00,210.00,220.50,-8.5000,470
1150608,1626,艾美特-KY,187157,1877571,9.97,10.20,9.97,10.05,0.0000,170
1150608,1702,南僑,434483,13410328,30.80,31.05,30.25,30.85,-0.5500,465
1150608,1707,葡萄王,467831,46794921,100.00,101.00,98.50,100.50,-1.0000,593
1150608,1708,東鹼,14308585,636869329,44.70,45.55,44.20,44.20,-4.9000,10626
1150608,1709,和益,1409054,27927668,19.40,20.20,19.30,20.00,-0.2000,744
1150608,1710,東聯,9026941,133478333,15.10,15.15,14.40,14.70,-1.0000,3030
1150608,1711,永光,15380519,666914300,42.75,44.85,42.75,44.45,-3.0000,7694
1150608,1712,興農,1000910,39131595,38.60,39.55,38.45,39.30,0.0000,775
1150608,1713,國化,173659,8360774,48.10,49.00,47.40,48.65,-0.9000,116
1150608,1714,和桐,19134628,242052847,12.65,12.65,12.65,12.65,1.1500,3971
1150608,1717,長興,24468520,1720301561,69.80,71.60,69.70,71.30,-6.1000,16091
1150608,1718,中纖,32120210,314296583,9.37,10.20,9.00,10.00,0.1500,15300
1150608,1720,生達,555838,34880182,61.90,63.40,61.90,62.90,-0.2000,423
1150608,1721,三晃,2126290,52303193,24.25,25.40,24.15,25.15,-1.6500,1341
1150608,1722,台肥,4756698,224101304,46.40,47.90,46.25,47.70,-0.5500,2685
1150608,1723,中碳,1074278,89269939,81.70,84.80,81.10,84.30,-1.0000,1093
1150608,1725,元禎,91352,2871481,30.70,32.00,30.65,31.75,-1.8000,102
1150608,1726,永記,48130,3753948,77.10,78.70,77.10,78.00,-1.1000,72
1150608,1727,中華化,8828053,803994195,83.70,95.30,83.70,92.80,-0.2000,7550
1150608,1730,花仙子,67990,3565066,52.50,52.80,52.30,52.50,-0.3000,82
1150608,1731,美吾華,109181,2339497,21.30,21.55,21.25,21.45,-0.2500,106
1150608,1732,毛寶,195385,5080993,25.20,26.45,25.20,26.20,-0.3000,152
1150608,1733,五鼎,575198,17643827,29.85,30.40,29.75,29.90,-0.9000,400
1150608,1734,杏輝,387657,12077510,31.15,31.40,30.95,31.35,-0.1000,323
1150608,1735,日勝化,593607,13810003,22.75,24.20,22.75,23.90,-1.3500,412
1150608,1736,喬山,1154545,121279639,102.50,110.00,102.00,108.50,-2.0000,995
1150608,1737,臺鹽,170538,5385241,31.45,31.75,31.40,31.60,-0.1500,178
1150608,1752,南光,104253,3419683,32.45,33.05,32.45,32.70,-1.0000,86
1150608,1760,寶齡富錦,266629,16177083,60.20,61.10,59.50,60.80,-0.5000,281
1150608,1762,中化生,858464,34331704,39.80,41.05,39.10,40.30,-2.0000,895
1150608,1773,勝一,886756,149663233,163.50,175.00,163.50,172.00,-3.0000,1225
1150608,1776,展宇,260325,4671087,17.45,18.75,16.75,18.15,-0.3500,148
1150608,1783,和康生,77801,3033558,38.50,39.15,38.50,39.00,-1.0000,130
1150608,1786,科妍,1635789,95358970,51.50,60.60,51.50,60.60,5.5000,2098
1150608,1789,神隆,739438,14707493,19.40,20.40,19.20,20.25,0.1500,434
1150608,1795,美時,2146712,411452214,182.00,197.50,182.00,195.50,-3.0000,2559
1150608,1802,台玻,48056817,2960832140,60.90,62.70,60.90,62.00,-5.6000,34659
1150608,1805,寶徠,339166,3487389,10.30,10.55,10.10,10.20,-0.8500,261
1150608,1806,冠軍,364791,2942404,8.04,8.14,8.02,8.07,-0.1300,303
1150608,1808,潤隆,1462383,45027800,30.00,31.40,30.00,30.65,-0.9500,1052
1150608,1809,中釉,8664084,468673594,53.70,55.70,53.70,53.70,-5.9000,6815
1150608,1810,和成,15995700,333356662,20.35,22.30,20.35,22.00,-0.6000,6508
1150608,1817,凱撒衛,52886,2073214,39.40,39.40,38.90,39.15,-0.4500,65
1150608,1903,士紙,295346,14045996,47.50,48.05,47.20,47.80,-1.1000,449
1150608,1904,正隆,5985141,127223847,20.00,21.90,20.00,21.70,-0.2000,3618
1150608,1905,華紙,6515269,82099076,12.25,12.95,12.10,12.70,-0.3500,2606
1150608,1906,寶隆,948190,10877639,11.70,11.70,11.30,11.55,-1.0000,742
1150608,1907,永豐餘,1724093,43856480,25.15,25.80,25.00,25.35,-0.7000,1046
1150608,1909,榮成,3570815,33956970,9.50,9.59,9.29,9.56,-0.1800,1544
1150608,2002,中鋼,113184195,2112451594,18.60,18.80,18.50,18.65,-0.6500,28112
1150608,2002A,中鋼特,34159,1307671,38.30,38.45,38.25,38.45,0.0500,37
1150608,2006,東和鋼鐵,2962172,192864842,63.70,65.90,63.50,65.40,-1.6000,2378
1150608,2007,燁興,408802,3051025,7.31,7.86,7.31,7.42,-0.3300,172
1150608,2008,高興昌,86100,2526359,30.00,30.00,29.00,29.05,-1.2500,30
1150608,2009,第一銅,3640279,142265973,38.10,39.70,38.10,39.60,-2.4000,2917
1150608,2010,春源,1517030,35863416,23.35,23.85,23.35,23.70,-0.5500,803
1150608,2012,春雨,75512,1080173,14.45,14.50,14.20,14.20,-0.4000,135
1150608,2013,中鋼構,155564,6588194,41.80,42.85,41.80,42.35,-1.0000,194
1150608,2014,中鴻,9275823,163276312,17.45,17.95,17.40,17.65,-1.1000,3178
1150608,2015,豐興,631317,38461001,61.00,61.40,60.20,60.90,-1.1000,498
1150608,2017,官田鋼,678898,6285455,9.42,9.42,9.01,9.30,-0.3300,382
1150608,2020,美亞,762617,16280305,21.60,21.65,20.60,21.60,0.0000,413
1150608,2022,聚亨,782690,6075458,7.78,7.89,7.60,7.85,-0.1700,493
1150608,2023,燁輝,2817506,38620537,13.55,13.90,13.45,13.75,-0.2000,652
1150608,2024,志聯,45052,637866,13.80,14.30,13.80,14.30,0.3000,56
1150608,2025,千興,3562868,51237891,14.10,14.70,13.05,14.70,1.3000,2026
1150608,2027,大成鋼,35147056,1455306582,41.50,42.20,40.60,41.80,-2.0000,11715
1150608,2028,威致,164611,2734841,16.85,16.85,16.35,16.60,-0.4000,124
1150608,2029,盛餘,477676,9697559,20.45,20.55,20.10,20.35,-0.5500,270
1150608,2030,彰源,2760515,50420299,17.80,18.90,17.50,18.80,0.3000,1274
1150608,2031,新光鋼,2543308,104863254,40.90,41.80,40.50,41.45,-1.9000,2373
1150608,2032,新鋼,753961,13104662,17.40,17.90,17.00,17.90,-0.4000,363
1150608,2033,佳大,185701,2877883,15.65,15.95,15.10,15.95,0.3500,106
1150608,2034,允強,2301725,45683460,19.70,20.15,19.60,20.05,-0.4500,919
1150608,2038,海光,874422,11718490,13.50,13.60,13.15,13.60,-0.5000,545
1150608,2049,上銀,5375250,1741424763,316.50,330.50,313.00,329.50,-15.5000,7916
1150608,2059,川湖,566358,3484347440,6000.00,6180.00,6000.00,6180.00,560.0000,3939
1150608,2062,橋椿,511390,9641531,18.60,19.15,18.30,18.95,-0.3000,278
1150608,2069,運錩,491185,9770282,19.80,20.15,19.40,20.00,-0.3500,300
1150608,2072,世紀風電,908643,167412463,177.50,191.00,177.00,189.00,-6.0000,969
1150608,2101,南港,2141321,66845207,30.60,31.70,30.20,31.60,-0.3000,1779
1150608,2102,泰豐,244376,4351434,17.90,17.90,17.70,17.90,-0.2500,275
1150608,2103,台橡,6299350,132377614,21.05,21.35,20.55,21.15,-0.5500,2109
1150608,2104,國際中橡,2621614,27251323,10.30,10.60,10.20,10.55,-0.3500,1078
1150608,2105,正新,31089485,1039344343,33.55,34.00,32.70,33.50,-0.6000,9242
1150608,2106,建大,942350,16527432,17.45,17.65,17.25,17.50,-0.5500,637
1150608,2107,厚生,388455,9906266,25.25,25.70,25.20,25.50,-0.5000,273
1150608,2108,南帝,4137049,121660367,29.20,30.30,28.95,29.30,-2.8500,2480
1150608,2109,華豐,179798,2561704,14.45,14.45,14.15,14.20,-0.3500,157
1150608,2114,鑫永銓,246437,22713482,90.20,93.60,90.20,93.40,-0.1000,669
1150608,2115,六暉-KY,197015,4291400,21.55,21.90,21.55,21.75,-0.2500,87
1150608,2201,裕隆,3750321,102782935,27.55,27.60,27.15,27.40,-1.3000,2198
1150608,2204,中華,1187815,65411239,55.00,55.70,54.60,54.80,-1.8000,1888
1150608,2206,三陽工業,3532451,223771510,63.30,63.50,63.00,63.30,0.0000,1151
1150608,2207,和泰車,1608000,765123981,471.00,489.50,470.00,473.00,-22.0000,2356
1150608,2208,台船,6279521,109816594,17.50,17.65,17.20,17.50,-0.8500,3005
1150608,2211,長榮鋼,975358,90554667,92.00,93.80,92.00,92.50,-1.3000,679
1150608,2227,裕日車,45796,2251184,48.35,49.65,48.35,49.00,-0.9500,116
1150608,2228,劍麟,187599,15433697,80.60,84.00,80.60,84.00,-2.3000,269
1150608,2231,為升,725006,67177594,90.50,95.80,90.50,95.10,-5.4000,590
1150608,2233,宇隆,1231973,353303510,280.00,296.00,280.00,295.00,-16.0000,1611
1150608,2236,百達-KY,619041,82213996,130.50,135.50,130.00,135.00,-5.0000,478
1150608,2239,英利-KY,61160,1418807,23.75,23.95,22.95,23.15,-1.2000,73
1150608,2241,艾姆勒,9187112,338226538,32.35,38.90,32.35,38.90,3.5000,4878
1150608,2243,宏旭-KY,1974871,51228530,25.25,27.95,25.25,27.75,-0.3000,800
1150608,2247,汎德永業,117800,26631818,225.00,229.00,223.00,228.00,-3.5000,270
1150608,2248,華勝-KY,94161,5183425,55.00,55.50,54.00,55.50,-2.0000,64
1150608,2250,IKKA-KY,112560,6905840,60.10,62.20,60.10,61.30,-3.2000,163
1150608,2254,巨鎧精密-創,63628,4046617,63.40,64.50,61.80,63.80,-0.7000,36
1150608,2258,鴻華先進-創,919500,27942356,29.90,31.30,29.50,30.30,-1.0000,485
1150608,2301,光寶科,23221419,4957320458,207.00,220.00,207.00,218.50,-11.5000,29063
1150608,2302,麗正,1534671,47485749,30.45,32.05,30.45,31.60,-2.2000,1105
1150608,2303,聯電,318679993,38695544221,121.00,125.00,119.00,121.00,-10.5000,147157
1150608,2305,全友,4280922,90282750,20.25,22.70,20.25,22.60,0.1000,1910
1150608,2308,台達電,15374423,33514249034,2090.00,2260.00,2090.00,2255.00,-45.0000,80810
1150608,2312,金寶,38259860,1356451530,35.40,35.80,35.40,35.40,-3.9000,22296
1150608,2313,華通,48578725,11886569357,233.50,257.50,233.50,252.00,-7.0000,57461
1150608,2314,台揚,356110,5317883,14.35,15.80,14.35,15.50,-0.3000,309
1150608,2316,楠梓電,5983314,947545726,150.50,167.50,150.50,166.50,-0.5000,5106
1150608,2317,鴻海,117863651,31298320100,257.50,272.00,257.50,269.50,-15.0000,126170
1150608,2321,東訊,792,10520,,,,,0.0000,6
1150608,2323,中環,17959494,194758511,10.85,11.20,10.75,10.95,-0.9500,4045
1150608,2324,仁寶,152318717,5758273942,37.30,39.10,37.30,38.60,-2.8000,64683
1150608,2327,國巨*,26219850,18883368651,693.00,751.00,693.00,751.00,-18.0000,69040
1150608,2328,廣宇,9514467,483477832,50.40,51.50,50.40,51.00,-5.0000,6439
1150608,2329,華泰,12632967,649654329,50.70,52.60,50.70,52.10,-4.2000,7818
1150608,2330,台積電,52273858,119557290165,2230.00,2320.00,2230.00,2295.00,-70.0000,436256
1150608,2331,精英,3416532,71853470,20.50,21.60,20.50,21.50,-1.2000,1978
1150608,2332,友訊,5764822,87326154,15.00,15.45,14.90,15.40,-0.9000,2505
1150608,2337,旺宏,34560976,4753288412,135.00,143.50,135.00,143.50,-6.5000,34909
1150608,2338,光罩,6636091,307663686,46.30,46.80,46.30,46.30,-5.1000,4787
1150608,2340,台亞,4812074,155554336,32.10,32.85,32.10,32.70,-2.9500,2996
1150608,2342,茂矽,4264816,162796288,37.30,39.75,37.30,38.90,-2.5000,2992
1150608,2344,華邦電,179964848,27112929399,146.00,157.00,146.00,154.00,-8.0000,105139
1150608,2345,智邦,3205900,7613217785,2265.00,2435.00,2260.00,2420.00,-70.0000,9720
1150608,2347,聯強,15735325,1345888570,85.50,87.70,84.10,85.30,-3.0000,10450
1150608,2348,海悅,692823,48776060,69.00,71.50,69.00,70.90,-1.5000,641
1150608,2348A,海悅甲特,46393,1745334,37.65,37.80,37.60,37.80,0.0500,18
1150608,2349,錸德,7116338,92883841,12.70,13.45,12.70,13.30,-0.7000,2391
1150608,2351,順德,4887709,889289512,180.50,186.00,180.50,183.00,-17.5000,4874
1150608,2352,佳世達,15954965,468421058,28.20,30.20,28.20,30.10,-1.0000,9099
1150608,2353,宏碁,70827046,2477063469,34.60,35.70,34.60,35.30,-3.1000,32341
1150608,2354,鴻準,13376502,747415447,55.00,56.80,54.90,56.40,-4.2000,9084
1150608,2355,敬鵬,11412160,580907625,49.90,53.00,49.90,52.70,-2.7000,7943
1150608,2356,英業達,17530602,1213125097,69.20,69.20,69.20,69.20,-7.6000,22236
1150608,2357,華碩,7306896,6110042497,820.00,853.00,816.00,844.00,-56.0000,14237
1150608,2359,所羅門,3001748,389356956,128.00,132.00,128.00,131.50,-10.5000,4942
1150608,2360,致茂,3370208,8047352020,2310.00,2470.00,2310.00,2450.00,-115.0000,6359
1150608,2362,藍天,2235669,98671607,42.70,45.30,42.70,44.85,-2.1000,1821
1150608,2363,矽統,8666248,491222464,56.30,57.60,56.30,57.10,-5.4000,6479
1150608,2364,倫飛,749151,51815194,68.50,70.80,68.50,70.80,-5.3000,731
1150608,2365,昆盈,2600497,86956582,32.40,34.65,32.40,34.55,-1.4500,1865
1150608,2367,燿華,21274883,1244440015,56.80,60.90,56.80,60.50,-2.6000,15383
1150608,2368,金像電,5888790,7709870810,1185.00,1365.00,1185.00,1360.00,45.0000,13335
1150608,2369,菱生,11684148,368019842,31.45,31.90,31.45,31.45,-3.4500,7309
1150608,2371,大同,23603746,674085304,27.75,29.15,27.75,28.85,-1.4500,10951
1150608,2373,震旦行,59972,3427200,58.00,58.00,56.70,56.80,-1.5000,112
1150608,2374,佳能,9359493,676563851,71.90,73.80,71.80,72.60,-7.1000,7831
1150608,2375,凱美,2737688,396498379,140.50,153.00,140.50,150.00,-6.0000,3492
1150608,2376,技嘉,15202762,5209345148,335.00,349.00,335.00,345.00,-24.0000,17353
1150608,2377,微星,28863076,3755350335,128.00,132.50,128.00,132.00,-9.5000,24482
1150608,2379,瑞昱,8437827,4973499296,579.00,600.00,579.00,596.00,-47.0000,11019
1150608,2380,虹光,282765,1571785,5.32,5.71,5.32,5.70,0.0000,195
1150608,2382,廣達,63428197,23380295756,357.00,376.50,357.00,376.50,-14.0000,53961
1150608,2383,台光電,2667787,12467924760,4575.00,4810.00,4530.00,4770.00,-115.0000,17954
1150608,2385,群光,4546744,621219115,135.00,139.00,134.00,136.00,-7.0000,4911
1150608,2387,精元,817108,33106669,39.15,41.75,39.15,41.65,-0.8000,596
1150608,2388,威盛,5806163,368905958,62.10,65.20,62.10,64.80,-4.1000,4408
1150608,2390,云辰,1859445,21561188,11.10,12.00,11.10,11.85,-0.2500,989
1150608,2392,正崴,2331414,89640197,37.60,39.40,37.60,39.20,-1.5000,1785
1150608,2393,億光,3470880,226450021,62.50,67.20,62.50,65.90,-0.1000,2473
1150608,2395,研華,3763357,1756849366,456.00,474.50,456.00,471.00,-25.0000,7101
1150608,2397,友通,848200,50405000,58.20,60.80,58.00,60.60,-3.5000,615
1150608,2399,映泰,5471705,241935858,43.90,45.15,43.90,44.65,-4.1000,3493
1150608,2401,凌陽,7898195,197003936,24.80,25.35,24.75,25.25,-2.2000,4055
1150608,2402,毅嘉,6098512,372439636,59.80,63.90,59.70,63.50,-2.8000,4291
1150608,2404,漢唐,4582659,5037415215,1100.00,1120.00,1085.00,1110.00,-95.0000,11405
1150608,2405,輔信,8200127,156445042,18.45,19.70,18.45,19.40,-1.1000,3758
1150608,2406,國碩,12783552,404277246,31.20,32.60,31.20,32.00,-2.6500,8091
1150608,2408,南亞科,104497957,35072470566,324.00,348.00,324.00,339.50,-20.5000,91854
1150608,2409,友達,69133057,1686844928,24.40,24.40,24.40,24.40,-2.7000,29873
1150608,2412,中華電,17246059,2396856816,139.50,140.50,138.00,138.50,-2.5000,8938
1150608,2413,環科,4854437,246388598,46.00,54.10,46.00,53.40,2.3000,3751
1150608,2414,精技,381284,19547897,50.40,52.00,50.20,51.80,-1.0000,346
1150608,2415,錩新,109176,2930140,27.30,27.50,26.30,27.45,-0.2500,109
1150608,2417,圓剛,2514243,111983663,44.00,46.15,43.95,46.05,-2.7500,1640
1150608,2419,仲琦,2519966,70173643,27.55,28.45,27.50,28.40,-2.0500,1593
1150608,2420,新巨,753777,46629809,61.50,63.40,60.30,63.00,-2.2000,1138
1150608,2421,建準,4551222,691345299,147.00,158.00,147.00,157.00,-4.5000,4115
1150608,2423,固緯,314036,22395156,68.50,74.10,68.50,73.50,-2.6000,290
1150608,2424,隴華,37350,459632,12.20,12.60,12.20,12.60,-0.1500,50
1150608,2425,承啟,733245,23808592,31.95,34.00,31.95,33.20,-2.2500,544
1150608,2426,鼎元,2521400,156336505,62.00,62.00,62.00,62.00,-6.8000,2893
1150608,2427,三商電,3609611,85403799,22.00,24.45,21.75,23.90,0.2500,2308
1150608,2428,興勤,2079971,557148780,255.50,277.50,255.50,272.50,-10.5000,2612
1150608,2429,銘旺科,535497,21554915,40.25,40.25,40.25,40.25,-4.4500,534
1150608,2430,燦坤,218824,4002477,18.55,18.55,18.10,18.30,-0.6000,189
1150608,2431,聯昌,315113,3327925,10.40,10.85,10.30,10.75,-0.3000,240
1150608,2432,倚天酷碁-創,144025,3972915,28.10,28.10,27.15,27.75,-0.7500,71
1150608,2433,互盛電,69352,3041577,44.35,44.35,43.35,43.60,-0.7000,56
1150608,2434,統懋,81423,2673781,33.00,33.85,32.50,32.70,-2.5000,83
1150608,2436,偉詮電,5318050,344447152,64.50,65.80,64.30,65.70,-5.7000,4344
1150608,2438,翔耀,410213,9133245,21.75,23.15,21.75,22.40,-1.7500,272
1150608,2439,美律,2522685,223863611,86.80,90.80,86.20,90.10,-1.8000,2251
1150608,2440,太空梭,2074649,35724082,16.65,17.90,16.65,17.50,-0.9500,997
1150608,2441,超豐,9571405,1157651958,118.50,124.50,118.50,123.50,-8.0000,7671
1150608,2442,新美齊,2492386,48170210,19.00,19.60,18.85,19.55,-0.3500,1118
1150608,2444,兆勁,644664,8148842,12.20,13.20,12.20,13.10,-0.4000,340
1150608,2449,京元電子,37192419,10492762311,279.50,289.50,279.00,288.50,-21.0000,54668
1150608,2450,神腦,662314,19803294,29.45,30.45,29.45,30.10,-0.8000,499
1150608,2451,創見,10460827,3056908609,289.50,298.50,289.50,294.50,-27.0000,9822
1150608,2453,凌群,1088004,61334327,54.70,58.20,54.70,57.80,-2.7000,878
1150608,2454,聯發科,16219464,65223413665,3935.00,4090.00,3935.00,4070.00,-230.0000,122194
1150608,2455,全新,1699795,611169803,359.50,360.50,359.50,359.50,-39.5000,4040
1150608,2457,飛宏,10137770,285799461,27.15,29.00,27.15,28.25,-1.9000,5701
1150608,2458,義隆,3220539,491471346,146.00,158.50,146.00,156.50,-2.0000,2849
1150608,2459,敦吉,294165,19831847,68.40,68.40,66.60,67.90,-1.4000,441
1150608,2460,建通,794591,23537871,29.05,30.40,29.05,29.85,-2.3000,643
1150608,2461,光群雷,11609515,224298946,17.60,20.25,17.55,20.10,0.6000,5156
1150608,2462,良得電,1016056,24113421,22.65,24.45,22.65,24.20,-0.7500,711
1150608,2464,盟立,2224360,330370315,148.50,148.50,148.50,148.50,-16.5000,6858
1150608,2465,麗臺,1409708,109005683,75.20,80.20,75.10,79.40,-3.9000,1233
1150608,2466,冠西電,662022,27746095,40.15,45.55,40.15,44.00,-0.6000,470
1150608,2467,志聖,1821387,1011593848,522.00,577.00,522.00,568.00,-12.0000,3535
1150608,2468,華經,10941627,475582161,38.85,44.95,38.70,44.95,4.0500,6857
1150608,2471,資通,355944,18788828,50.20,54.30,50.20,53.60,0.0000,367
1150608,2472,立隆電,2329723,780426357,327.50,347.50,327.50,339.00,-24.5000,4037
1150608,2474,可成,19208640,4197155454,209.50,227.50,209.50,220.00,-10.5000,15724
1150608,2476,鉅祥,4634734,519985441,108.50,119.00,108.00,118.00,-2.0000,4187
1150608,2477,美隆電,221114,4915415,21.60,22.70,21.60,22.55,-0.8000,174
1150608,2478,大毅,3928037,561398030,135.00,153.50,135.00,152.00,2.0000,3641
1150608,2480,敦陽科,716960,112390785,154.50,160.00,153.00,159.50,-2.0000,862
1150608,2481,強茂,18018901,2689842781,148.50,151.50,148.50,148.50,-16.5000,19887
1150608,2482,連宇,276127,4534344,16.60,16.85,16.15,16.70,-0.6000,465
1150608,2483,百容,10875945,334212317,27.45,33.45,27.45,33.45,3.0000,6260
1150608,2484,希華,35467340,1909827329,47.55,57.50,47.55,55.30,2.5000,23844
1150608,2485,兆赫,10304834,638446443,60.80,64.00,60.80,63.20,-4.3000,8180
1150608,2486,一詮,7660153,1932613895,252.00,255.50,252.00,252.00,-27.5000,9479
1150608,2488,漢平,222247,11591037,52.90,52.90,51.50,52.20,-1.3000,262
1150608,2489,瑞軒,7072317,308354246,43.60,43.60,43.60,43.60,-4.8000,6287
1150608,2491,吉祥全,422965,13219530,31.25,31.25,31.25,31.25,-3.4500,394
1150608,2492,華新科,3269772,1276031255,374.50,412.00,374.50,400.00,-16.0000,4430
1150608,2493,揚博,4903808,796037692,160.50,166.00,160.50,164.00,-14.0000,6728
1150608,2495,普安,5045108,229632960,44.60,46.75,44.60,46.50,-3.0000,3210
1150608,2496,卓越,21241,1371278,64.40,65.40,64.30,64.50,-0.8000,33
1150608,2497,怡利電,830112,48790065,56.40,61.30,56.40,60.80,-1.8000,762
1150608,2498,宏達電,11419966,477263447,41.40,42.85,41.35,42.60,-3.3000,6952
1150608,2501,國建,4993275,118808818,23.50,24.10,23.25,23.95,-0.1500,2043
1150608,2504,國產,3601810,128533921,35.60,36.05,35.30,35.40,-0.9000,2005
1150608,2505,國揚,272965,4851418,18.00,18.00,17.65,17.75,-0.2000,152
1150608,2506,太設,116637,1031861,8.81,9.00,8.72,8.90,-0.0800,96
1150608,2509,全坤建,181451,2358733,12.60,13.25,12.60,13.10,0.0000,147
1150608,2511,太子,1420706,11252479,7.87,7.98,7.83,7.93,-0.1000,813
1150608,2514,龍邦,143050,1917305,13.30,13.50,13.30,13.35,-0.4000,273
1150608,2515,中工,12655323,161880824,12.70,13.10,12.40,12.95,-0.2000,2601
1150608,2516,新建,933755,12122352,11.95,13.50,11.95,12.95,0.3000,254
1150608,2520,冠德,1506527,47428612,31.25,31.70,31.00,31.45,-0.6500,1105
1150608,2524,京城,106773,3674925,35.00,35.00,33.55,34.10,-2.1500,126
1150608,2527,宏璟,364033,12533168,34.40,34.80,33.90,34.55,-1.8000,278
1150608,2528,皇普,1699728,37019523,21.25,22.50,21.25,21.65,-1.7000,1085
1150608,2530,華建,1024143,19597393,18.65,19.50,18.65,19.25,-0.3500,465
1150608,2534,宏盛,3837831,74096613,17.80,18.05,17.75,18.05,-0.3500,674
1150608,2535,達欣工,1358195,115130260,80.50,86.50,80.20,85.60,2.2000,1375
1150608,2536,宏普,321271,6549315,20.50,20.70,20.00,20.55,-0.0500,179
1150608,2537,聯上發,952087,9508170,9.91,10.10,9.80,10.05,-0.1000,388
1150608,2538,基泰,416942,4135220,9.88,10.10,9.76,10.00,-0.1000,193
1150608,2539,櫻花建,1259013,45850084,35.10,37.10,35.10,36.60,-0.7500,1001
1150608,2540,愛山林,786638,40536340,51.80,52.50,51.10,51.20,-1.8000,3572
1150608,2542,興富發,19587145,819768208,41.30,42.45,41.20,41.90,-1.1000,9424
1150608,2543,皇昌,4812146,223528967,48.15,48.15,45.20,47.50,-1.8000,4101
1150608,2545,皇翔,364940,13659622,37.00,37.85,36.80,37.60,-0.7500,287
1150608,2546,根基,268312,23719958,86.00,89.50,86.00,88.70,0.8000,741
1150608,2547,日勝生,5186710,54301935,10.20,10.65,10.15,10.65,0.1500,1206
1150608,2548,華固,3596077,364445170,100.00,102.50,99.70,101.50,-2.0000,2547
1150608,2597,潤弘,4267259,791491111,181.00,189.50,178.00,184.50,0.0000,10060
1150608,2601,益航,3465703,20420677,5.71,6.00,5.71,5.89,-0.2800,1167
1150608,2603,長榮,22448385,5057726440,222.00,228.50,222.00,224.00,-8.0000,15472
1150608,2605,新興,4964224,152683855,29.75,31.45,29.65,31.00,-1.1000,2864
1150608,2606,裕民,4836395,329942278,68.00,69.20,67.10,68.20,-2.6000,3368
1150608,2607,榮運,786642,38175216,47.90,48.95,47.60,48.60,-0.8000,863
1150608,2608,嘉里大榮,866680,26773466,29.45,30.00,29.45,29.90,-0.2000,366
1150608,2609,陽明,66798155,3446290193,52.00,52.60,51.10,51.70,-2.8000,26027
1150608,2610,華航,59519767,1134912473,19.00,19.30,18.90,19.05,-0.9000,14741
1150608,2611,志信,995543,13688137,13.60,13.95,13.25,13.90,-0.2500,457
1150608,2612,中航,1297291,70252560,54.10,55.00,52.30,54.80,-2.6000,900
1150608,2613,中櫃,355108,7676749,21.40,22.00,21.35,22.00,-0.4000,410
1150608,2614,東森,1056173,19685276,18.35,19.20,18.10,18.95,-0.3000,708
1150608,2615,萬海,16294173,1369124002,83.50,84.90,82.70,84.60,-1.5000,8893
1150608,2616,山隆,344098,4663739,13.30,13.70,13.30,13.60,-0.2500,523
1150608,2617,台航,695978,20139967,28.65,29.30,28.55,29.15,-0.4500,438
1150608,2618,長榮航,52725893,1910360077,36.25,36.60,35.85,36.40,-1.3000,19040
1150608,2630,亞航,1255518,49468625,38.50,40.10,38.50,39.75,-2.0000,944
1150608,2633,台灣高鐵,15151090,382091347,25.20,25.40,25.10,25.10,-0.4000,4401
1150608,2634,漢翔,4469754,199250154,43.05,45.20,43.00,45.00,-1.5500,3468
1150608,2636,台驊控股,436265,30153856,67.90,69.90,67.90,69.70,-1.0000,496
1150608,2637,慧洋-KY,10386017,827790238,78.50,81.80,77.30,78.50,-2.1000,6584
1150608,2642,宅配通,142344,2874839,20.40,20.65,20.00,20.30,-0.5000,297
1150608,2645,長榮航太,1779344,291383186,161.50,167.00,160.00,166.00,-3.5000,1854
1150608,2646,星宇航空,10504801,209914182,19.80,20.10,19.70,20.05,-0.4500,5484
1150608,2701,萬企,94678,984799,10.40,10.50,10.35,10.35,-0.2500,54
1150608,2702,華園,75332,969379,13.15,13.15,12.75,12.85,-0.4500,502
1150608,2704,國賓,302290,12707502,41.95,42.65,41.70,41.95,-0.6500,195
1150608,2705,六福,228680,3525366,15.50,15.60,15.30,15.45,-0.2500,307
1150608,2706,第一店,229955,2794492,12.30,12.30,12.05,12.15,-0.2000,196
1150608,2707,晶華,284342,50664937,179.50,179.50,176.50,178.50,-2.5000,438
1150608,2712,遠雄來,21088,305546,15.00,15.00,14.25,14.50,-0.6500,17
1150608,2722,夏都,62528,1423182,22.65,23.00,22.50,22.70,-0.6500,68
1150608,2723,美食-KY,301141,18868458,62.50,63.50,61.60,63.00,-0.9000,251
1150608,2727,王品,539734,130396949,239.00,244.50,238.00,241.50,-4.5000,1217
1150608,2731,雄獅,2946446,502063425,168.50,172.00,166.50,172.00,-1.5000,2761
1150608,2739,寒舍,150549,5308037,34.55,35.80,34.55,35.80,-0.1500,113
1150608,2748,雲品,194282,7629171,39.40,39.55,38.95,39.45,-0.6000,273
1150608,2753,八方雲集,417049,74575878,177.00,182.00,176.00,180.00,-0.5000,705
1150608,2762,世界健身-KY,212693,18341606,82.60,86.90,82.60,86.20,0.5000,233
1150608,2801,彰銀,31518796,660343561,21.00,21.20,20.80,21.00,-0.4500,9149
1150608,2812,台中銀,21697134,409468220,18.80,19.10,18.60,19.05,-0.2500,7520
1150608,2816,旺旺保,636940,20874733,33.20,33.20,32.35,32.90,-1.3500,514
1150608,2820,華票,2436739,41258177,17.00,17.00,16.85,16.90,-0.3000,773
1150608,2832,台產,382987,20552900,53.20,54.20,53.10,53.80,-1.0000,517
1150608,2834,臺企銀,50783523,837218350,16.50,16.60,16.35,16.45,-0.4500,11644
1150608,2836,高雄銀,2042163,24272320,11.85,12.00,11.75,11.90,-0.1500,732
1150608,2836A,高雄銀甲特,,,,,,,0.0000,
1150608,2838,聯邦銀,2506121,52446788,20.95,21.30,20.75,20.75,-0.8000,1595
1150608,2838A,聯邦銀甲特,14132,764137,54.20,54.20,54.00,54.20,0.0000,18
1150608,2845,遠東銀,11270360,137067432,12.10,12.25,12.05,12.25,-0.1500,2859
1150608,2849,安泰銀,237372,3253193,13.60,13.95,13.60,13.60,-0.6000,154
1150608,2850,新產,923395,132472713,142.00,145.00,141.00,144.00,-2.0000,1002
1150608,2851,中再保,3086149,109812063,35.10,36.00,35.10,35.55,-1.3500,1670
1150608,2852,第一保,485579,13271601,27.00,27.70,27.00,27.25,-0.6000,352
1150608,2855,統一證,34350535,1842313691,54.50,55.60,53.20,53.20,-5.9000,15526
1150608,2867,三商壽,15364701,121198455,7.70,8.02,7.70,7.97,-0.1100,3391
1150608,2880,華南金,38433694,1286369175,34.10,34.45,33.00,33.50,-1.3000,14859
1150608,2881,富邦金,104685607,12091048340,112.00,117.50,112.00,116.00,-2.0000,20352
1150608,2881A,富邦特,164732,10465384,63.10,63.90,63.10,63.70,0.3000,83
1150608,2881B,富邦金乙特,27863,1742066,62.50,62.60,62.50,62.60,0.0000,23
1150608,2881C,富邦金丙特,39999,2031382,50.80,50.80,50.70,50.80,0.0000,59
1150608,2882,國泰金,57020304,5441562811,97.80,97.80,94.00,95.00,-5.0000,31159
1150608,2882A,國泰特,87914,5380685,61.10,61.30,61.10,61.20,0.0000,38
1150608,2882B,國泰金乙特,122547,7405631,60.50,60.60,60.40,60.60,0.1000,41
1150608,2883,凱基金,270734576,7143924749,26.55,26.95,25.50,26.75,-0.8500,51495
1150608,2883B,凱基金乙特,1456956,11798184,8.13,8.15,8.05,8.15,-0.0300,302
1150608,2884,玉山金,60140936,1959284260,32.75,33.10,32.30,32.90,-0.4500,17427
1150608,2885,元大金,47187669,2934280352,63.90,64.60,60.90,62.00,-3.3000,22805
1150608,2886,兆豐金,29343041,1207923971,41.15,41.55,40.80,41.20,-0.7500,13840
1150608,2887,台新新光金,115887137,3194328981,27.50,27.90,27.15,27.75,-0.8500,24401
1150608,2887E,台新新光戊特一,212526,10704936,50.40,50.50,50.30,50.40,-0.3000,138
1150608,2887F,台新新光戊特二,91913,4284931,46.65,46.80,46.55,46.80,-0.0500,44
1150608,2887G,台新新光庚特一,119866,5142433,42.80,42.95,42.80,42.95,0.0000,40
1150608,2887H,台新新光庚特二,138573,5642042,40.65,40.85,40.65,40.70,-0.2000,77
1150608,2887I,台新新光辛特,6024101,56574019,9.39,9.41,9.38,9.41,0.0000,847
1150608,2887Z1,台新新光己特,102210,1755701,17.25,17.25,17.15,17.15,-0.1000,17
1150608,2889,國票金,8269955,121653747,14.60,14.90,14.55,14.70,-0.3500,2287
1150608,2890,永豐金,45790751,1456256802,31.90,32.30,31.35,31.90,-0.8000,12904
1150608,2891,中信金,46262357,3033468042,65.20,66.90,64.50,65.40,-1.2000,21671
1150608,2891B,中信金乙特,8157,523204,64.40,64.40,63.70,64.30,-0.1000,14
1150608,2891C,中信金丙特,43966,2748396,61.70,62.70,61.70,62.70,0.0000,31
1150608,2892,第一金,50961160,1470323559,28.70,29.15,28.45,29.10,-0.2000,12553
1150608,2897,王道銀行,5533586,55762569,10.00,10.15,10.00,10.10,-0.2000,1242
1150608,2897B,王道銀乙特,148000,1746400,11.80,11.80,11.80,11.80,0.0000,46
1150608,2901,欣欣,13946,323297,23.15,23.40,22.80,22.80,-0.5500,100
1150608,2903,遠百,4014522,92335125,22.80,23.30,22.65,22.85,-0.6500,1607
1150608,2904,匯僑,115834,1607032,13.95,14.05,13.75,13.85,-0.4000,131
1150608,2905,三商,877725,12164778,13.65,14.00,13.65,13.90,-0.3000,434
1150608,2906,高林,97193,1226988,12.40,12.85,12.40,12.70,0.0000,139
1150608,2908,特力,321838,6847115,21.20,21.45,21.05,21.40,-0.2000,119
1150608,2910,統領,6677,146388,22.25,22.25,21.60,21.60,-0.4500,8
1150608,2911,麗嬰房,157208,1320493,8.13,8.79,8.13,8.51,-0.2900,137
1150608,2912,統一超,6007847,1345295271,225.50,229.50,221.50,222.00,-10.0000,7265
1150608,2913,農林,3764158,41052788,10.80,11.15,10.60,11.05,-0.2000,1152
1150608,2915,潤泰全,3415269,163394859,47.55,48.30,47.40,47.85,-1.1500,2140
1150608,2923,鼎固-KY,83250,1927301,24.00,24.00,22.65,22.65,-2.3500,429
1150608,2929,淘帝-KY,299792,1744607,5.78,6.01,5.65,5.85,-0.2400,184
1150608,2939,永邑-KY,51002,1131144,22.00,22.65,21.50,22.00,0.0000,29
1150608,2945,三商家購,8279,340668,41.15,41.15,41.10,41.15,-0.8500,19
1150608,3002,歐格,329885,6191723,17.95,19.55,17.95,19.40,-0.4500,273
1150608,3003,健和興,1185773,70384837,58.00,61.40,57.50,61.00,-1.9000,919
1150608,3004,豐達科,700015,87730251,123.50,128.00,122.00,127.50,-2.5000,716
1150608,3005,神基,6228701,645875801,104.00,105.00,102.00,104.50,-4.5000,4643
1150608,3006,晶豪科,11130026,2260708169,200.50,209.00,200.50,207.00,-15.5000,11405
1150608,3008,大立光,2683427,9217423940,3330.00,3550.00,3325.00,3535.00,-145.0000,16379
1150608,3010,華立,1258797,163384277,129.00,131.50,127.00,131.50,-7.5000,1358
1150608,3011,今皓,2395181,33883156,13.50,14.85,13.50,14.55,-0.2500,922
1150608,3013,晟銘電,5164469,589770640,110.00,121.00,110.00,120.50,-1.5000,4683
1150608,3014,聯陽,2307834,326632756,141.50,144.00,139.00,142.50,-9.5000,2316
1150608,3015,全漢,3254994,202141224,62.10,62.10,62.10,62.10,-6.8000,2713
1150608,3016,嘉晶,4965303,498564234,97.20,106.50,97.20,104.00,-4.0000,4139
1150608,3017,奇鋐,4356915,10736707610,2340.00,2570.00,2340.00,2570.00,-30.0000,22359
1150608,3018,隆銘綠能,60099,714082,10.80,12.50,10.80,12.10,0.3500,97
1150608,3019,亞光,8259807,1154536278,139.00,143.00,137.50,142.00,-10.5000,8908
1150608,3021,鴻名,156890,4581178,29.20,29.20,29.20,29.20,-3.2000,182
1150608,3022,威強電,5214578,405232566,76.80,80.00,75.00,79.00,1.6000,3796
1150608,3023,信邦,5000971,1641763769,316.00,340.00,312.00,322.50,-6.5000,6041
1150608,3024,憶聲,2578360,32119808,12.30,12.85,12.00,12.70,-0.4500,1320
1150608,3025,星通,1123433,77165236,65.50,71.80,64.90,71.30,0.7000,1583
1150608,3026,禾伸堂,1731365,1002738378,564.00,601.00,564.00,601.00,-25.0000,3234
1150608,3027,盛達,1500605,31116637,20.65,21.10,20.45,20.90,-1.8000,1063
1150608,3028,增你強,3231680,233079652,70.90,75.00,70.90,74.70,-4.0000,2668
1150608,3029,零壹,3727105,381426540,98.00,104.50,98.00,103.50,-4.0000,2594
1150608,3030,德律,3299550,1124006408,330.00,357.00,330.00,351.00,-15.0000,5150
1150608,3031,佰鴻,1518271,42932989,27.90,29.10,27.90,28.85,-2.1500,1051
1150608,3032,偉訓,2152222,183613048,78.90,90.70,78.90,89.90,2.3000,1840
1150608,3033,威健,10903200,517993434,47.00,48.20,46.80,47.90,-3.9000,7192
1150608,3034,聯詠,4794152,2241271715,460.00,475.00,456.00,473.00,-19.0000,7034
1150608,3035,智原,7469794,1304925829,173.00,177.50,173.00,176.00,-16.0000,10049
1150608,3036,文曄,28334956,7128511435,247.00,254.50,246.00,250.00,0.0000,15636
1150608,3037,欣興,25312312,22448427090,840.00,925.00,840.00,911.00,-22.0000,58811
1150608,3038,全台,530249,12256154,23.00,23.90,22.60,23.60,-0.5000,368
1150608,3040,遠見,176894,6623662,38.40,38.50,36.80,37.50,-0.9000,157
1150608,3041,揚智,1572029,35967463,22.25,23.40,22.25,23.30,-1.3500,1131
1150608,3042,晶技,22132239,4539806694,191.00,217.00,191.00,210.50,-1.5000,20027
1150608,3043,科風,1218694,28285235,21.05,24.15,20.60,23.85,1.5000,1014
1150608,3044,健鼎,4506697,2115968446,464.00,481.00,454.00,478.00,-20.0000,6592
1150608,3045,台灣大,17754292,2040454820,115.00,116.00,114.00,115.00,-1.0000,4271
1150608,3046,建碁,662509,37324169,55.10,57.20,55.10,56.80,-3.5000,555
1150608,3047,訊舟,1930817,28986136,14.75,15.45,14.60,15.35,-0.8000,998
1150608,3048,益登,11056058,705790011,59.70,67.40,59.70,66.60,0.3000,7957
1150608,3049,精金,18978897,279542152,14.35,15.60,14.35,15.15,-0.7500,9220
1150608,3050,鈺德,920706,11519452,12.25,12.80,12.25,12.80,-0.6500,531
1150608,3051,力特,2228770,58983050,25.65,27.90,25.65,27.60,-0.9000,1422
1150608,3052,夆典,2566707,27189867,10.75,10.75,10.45,10.70,-0.2500,793
1150608,3054,立萬利,405806,30638634,75.50,75.50,75.50,75.50,-8.3000,343
1150608,3055,蔚華科,1490825,134568767,89.60,92.90,89.60,91.00,-8.5000,2216
1150608,3056,富華新,2447578,34795929,13.70,14.60,13.40,14.40,0.1000,1008
1150608,3057,喬鼎,356856,7452229,20.10,21.75,20.10,21.55,-0.3500,344
1150608,3058,立德,1059569,9907811,9.00,9.55,9.00,9.47,-0.4400,693
1150608,3059,華晶科,9795522,439377087,44.05,46.20,44.05,46.05,-2.8500,6113
1150608,3060,銘異,2543924,72363289,27.75,29.20,27.75,28.90,-1.9000,1774
1150608,3062,建漢,8584130,222128127,25.70,26.40,25.70,26.20,-2.3500,4582
1150608,3090,日電貿,1681081,341359849,199.00,210.00,199.00,209.50,-11.5000,2347
1150608,3092,鴻碩,720177,20265476,27.15,29.55,27.15,29.00,-1.1500,544
1150608,3094,聯傑,878734,25735590,28.90,29.75,28.80,29.55,-2.3000,614
1150608,3130,一零四,65054,14359055,222.00,222.00,219.00,221.50,-0.5000,220
1150608,3135,凌航,2994855,619872127,205.00,212.00,205.00,211.00,-16.5000,3793
1150608,3138,耀登,952181,138800332,144.00,150.50,144.00,150.00,-9.5000,1368
1150608,3149,正達,9170766,768606596,81.80,90.50,81.80,86.80,-4.0000,8268
1150608,3150,鈺寶-創,68564,1285991,19.60,19.60,18.50,18.90,-0.9500,58
1150608,3164,景岳,362259,6159498,16.90,17.60,16.30,16.30,-0.2000,357
1150608,3167,大量,1407302,1230145875,855.00,905.00,855.00,865.00,-85.0000,2237
1150608,3168,眾福科,49349,2300596,47.50,47.50,45.90,46.60,-1.4000,48
1150608,3189,景碩,8137218,5403523911,641.00,698.00,641.00,698.00,-14.0000,13190
1150608,3209,全科,2949089,202056859,66.20,70.70,66.20,69.90,-3.6000,2178
1150608,3229,晟鈦,612743,24912911,39.95,42.05,39.95,41.10,-3.2500,493
1150608,3231,緯創,71040675,11394830105,156.00,163.50,156.00,163.50,-7.5000,57624
1150608,3257,虹冠電,951935,52859836,54.80,56.50,54.60,56.00,-4.6000,710
1150608,3266,昇陽,175742,2194524,12.90,12.90,12.30,12.50,-0.5000,105
1150608,3296,勝德,75783,1594548,21.50,21.50,20.70,20.95,-0.8500,204
1150608,3305,昇貿,5371450,765927525,140.50,146.50,140.50,145.00,-11.0000,5579
1150608,3308,聯德,254494,5208793,19.75,20.95,19.75,20.75,-0.9500,280
1150608,3311,閎暉,4596786,186182236,37.60,42.50,37.55,40.50,0.7500,3263
1150608,3312,弘憶股,7026304,427480663,60.80,61.60,60.80,60.80,-6.7000,5287
1150608,3321,同泰,1323477,25264268,17.50,21.00,17.50,20.55,1.4500,723
1150608,3338,泰碩,2356838,175980597,70.90,80.00,70.90,77.30,-1.3000,5591
1150608,3346,麗清,1571242,38333892,24.05,25.60,24.05,25.00,-1.7000,1120
1150608,3356,奇偶,1085609,62577420,55.80,59.60,55.80,59.10,-1.3000,943
1150608,3376,新日興,34983763,8149757752,223.00,244.50,219.00,236.50,-0.5000,29399
1150608,3380,明泰,4315992,147479144,33.75,34.75,33.75,34.45,-3.0500,2553
1150608,3406,玉晶光,4000335,2568882655,614.00,668.00,612.00,654.00,0.0000,6109
1150608,3413,京鼎,2588248,760180443,294.00,299.50,287.00,297.50,-19.5000,4133
1150608,3416,融程電,507919,86141390,165.00,174.50,164.50,174.50,-6.5000,692
1150608,3419,譁裕,438589,5911831,13.20,13.85,13.20,13.65,-0.5500,205
1150608,3432,台端,21283,368900,16.75,17.95,16.75,17.95,-0.5000,39
1150608,3437,榮創,1663562,35549687,21.10,22.00,21.10,21.50,-1.9000,934
1150608,3443,創意,1876483,7743605060,4000.00,4315.00,4000.00,4255.00,0.0000,12935
1150608,3447,展達,292900,11159135,37.50,39.10,37.20,38.80,-2.2000,278
1150608,3450,聯鈞,6239425,2852274439,451.00,469.00,451.00,461.00,-40.0000,10794
1150608,3481,群創,88824555,4294656640,48.35,48.35,48.35,48.35,-5.3500,78798
1150608,3494,誠研,172661,1357935,7.37,7.98,7.37,7.91,-0.2000,88
1150608,3501,維熹,458503,19019957,40.45,42.20,40.45,42.10,-1.6500,330
1150608,3504,揚明光,1401924,102563824,72.90,74.40,72.90,72.90,-8.0000,1292
1150608,3515,華擎,1291517,304119814,226.50,245.50,226.50,243.50,-6.0000,1583
1150608,3518,柏騰,952453,28757466,29.00,31.25,29.00,30.80,-1.0500,631
1150608,3528,安馳,521138,64924968,124.50,126.50,124.50,124.50,-13.5000,558
1150608,3530,晶相光,304957,18275474,58.80,60.70,58.80,60.10,-4.9000,363
1150608,3532,台勝科,376094,98160534,261.00,261.00,261.00,261.00,-29.0000,877
1150608,3533,嘉澤,1014184,2253483550,2130.00,2295.00,2130.00,2290.00,-75.0000,3611
1150608,3535,晶彩科,1553420,185575549,117.50,123.50,117.50,123.00,-7.5000,1652
1150608,3543,州巧,1057003,34802317,32.80,34.45,32.20,33.90,-1.0500,623
1150608,3545,敦泰,1688881,86755982,51.00,52.90,50.50,51.60,-4.3000,1609
1150608,3550,聯穎,4841810,110716101,21.70,24.05,21.70,23.55,-0.5000,2620
1150608,3557,嘉威,168400,3908955,23.35,23.85,22.30,23.20,-0.9500,145
1150608,3563,牧德,787423,564929468,708.00,738.00,708.00,734.00,-52.0000,3180
1150608,3576,聯合再生,18072468,282726903,15.45,15.95,15.45,15.70,-1.4500,8184
1150608,3583,辛耘,1672178,1327688966,782.00,811.00,782.00,807.00,-61.0000,4752
1150608,3588,通嘉,499258,27044466,54.30,55.20,53.30,54.80,-4.1000,980
1150608,3591,艾笛森,1204724,27307417,21.90,23.55,21.90,23.15,-1.1000,828
1150608,3592,瑞鼎,655459,165412420,250.00,257.50,247.50,255.00,-16.5000,1188
1150608,3593,力銘,10936,174556,16.00,16.10,15.95,16.10,-0.3500,23
1150608,3596,智易,1137576,204539201,175.50,183.50,175.50,181.00,-9.5000,1369
1150608,3605,宏致,2680248,186250861,67.50,72.70,67.50,72.20,-2.8000,2231
1150608,3607,谷崧,1205703,20047098,16.00,16.95,16.00,16.80,-0.7500,682
1150608,3617,碩天,409508,84040734,201.50,208.50,200.00,208.00,-9.0000,606
1150608,3622,洋華,767297,42173810,53.50,56.40,53.30,56.10,-3.0000,729
1150608,3645,達邁,3806819,356739068,92.40,97.30,92.30,96.40,-6.1000,3460
1150608,3652,精聯,288454,9074754,30.65,32.30,30.65,31.85,-2.1000,217
1150608,3653,健策,2195430,7931381395,3260.00,3860.00,3260.00,3820.00,200.0000,11652
1150608,3661,世芯-KY,1491317,6031850335,3900.00,4180.00,3895.00,4170.00,-115.0000,12620
1150608,3665,貿聯-KY,3401208,7005509790,1980.00,2120.00,1980.00,2095.00,-105.0000,11907
1150608,3669,圓展,810556,29830557,36.80,37.70,36.75,36.75,-4.0500,535
1150608,3673,TPK-KY,22948441,1834266944,77.40,84.60,77.40,82.80,-3.2000,16814
1150608,3679,新至陞,85116,10434539,122.00,124.00,120.00,122.50,-2.5000,190
1150608,3686,達能,279556,4512437,15.80,16.45,15.80,16.45,-0.6500,220
1150608,3694,海華,1890367,115371469,60.30,62.50,60.30,62.00,-5.0000,1367
1150608,3701,大眾控,1557994,79545720,50.40,52.30,50.40,51.60,-4.4000,1202
1150608,3702,大聯大,27570429,2972213211,108.00,109.50,105.50,108.00,-6.5000,14018
1150608,3703,欣陸,2109995,44343082,20.80,21.25,20.75,21.00,-0.5500,831
1150608,3704,合勤控,6113976,273277559,43.95,47.05,43.00,46.70,-1.0000,4231
1150608,3705,永信,232972,13187773,56.30,56.80,56.20,56.50,-0.8000,207
1150608,3706,神達,24364932,2095289903,83.50,88.00,83.50,87.30,-5.1000,18123
1150608,3708,上緯投控,1177885,133484951,110.00,117.50,110.00,117.00,-2.5000,1178
1150608,3711,日月光投控,26428013,13993049056,520.00,543.00,520.00,540.00,-37.0000,57351
1150608,3712,永崴投控,880755,15801234,16.80,18.50,16.80,18.25,-0.0500,692
1150608,3714,富采,18737515,1195110666,63.20,65.20,63.20,64.80,-5.4000,11133
1150608,3715,定穎投控,8189737,1290465642,153.00,167.00,153.00,166.00,-4.0000,8967
1150608,3716,中化控股,439770,15199805,34.60,34.95,34.05,34.80,-0.8000,427
1150608,3717,聯嘉投控,1767604,36889869,20.60,21.45,20.55,21.45,-0.8000,927
1150608,4104,佳醫,413466,29011017,70.20,70.80,69.50,70.40,-1.1000,512
1150608,4106,雃博,166586,3940768,23.80,24.00,23.45,23.95,-0.0500,261
1150608,4108,懷特,358726,4442914,12.50,12.55,12.25,12.30,-0.4000,241
1150608,4119,旭富,271372,11224298,41.10,42.00,40.30,41.10,-0.2000,301
1150608,4133,亞諾法,174834,3619622,21.00,21.00,20.50,20.60,-0.7500,313
1150608,4137,麗豐-KY,645910,72918464,110.00,115.00,110.00,113.50,-2.0000,492
1150608,4142,國光生,1677394,29390023,17.25,17.70,17.10,17.65,-0.2000,808
1150608,4148,全宇生技-KY,14205,455235,32.40,32.40,31.75,31.85,-0.6500,27
1150608,4155,訊映,420972,6277079,15.00,15.20,14.55,15.00,-0.4500,334
1150608,4164,承業醫,883721,25904841,28.50,30.00,28.30,30.00,-0.0500,621
1150608,4169,泰宗,186820,27948969,149.50,152.50,146.50,151.00,-3.0000,259
1150608,4178,永笙-KY,461597,8459853,18.55,18.55,18.10,18.35,-0.5000,244
1150608,4190,佐登-KY,331653,8293148,25.25,26.05,24.55,24.90,-2.3500,834
1150608,4195,基米-創,228982,3732272,16.80,16.80,16.05,16.50,-0.3500,208
1150608,4306,炎洲,2361806,34716225,14.50,15.10,14.25,14.95,0.0000,1250
1150608,4414,如興,962407,8395547,8.10,9.05,8.10,8.72,0.2200,593
1150608,4426,利勤,437850,3525748,8.00,8.30,7.86,8.10,-0.3900,238
1150608,4438,廣越,107472,6495577,60.30,61.20,59.60,60.30,-1.6000,125
1150608,4439,冠星-KY,13016,1166142,90.00,90.30,88.50,90.30,0.3000,17
1150608,4440,宜新實業,34339,613060,17.85,17.95,17.70,17.95,-0.3000,36
1150608,4441,振大環球,111520,22591447,203.00,205.00,199.50,203.00,-8.5000,123
1150608,4526,東台,5611383,220198143,37.95,40.70,37.95,40.10,-2.0500,3324
1150608,4532,瑞智,1068858,25665897,23.60,24.25,23.60,24.20,-0.3500,644
1150608,4536,拓凱,245211,38993093,155.00,161.50,155.00,160.50,-2.0000,289
1150608,4540,全球傳動,3736925,237791856,62.70,65.50,62.70,64.80,-4.8000,3358
1150608,4545,銘鈺,715548,26231954,36.50,37.60,36.10,37.30,-2.8000,452
1150608,4551,智伸科,2037217,275618571,130.00,140.50,128.00,139.50,-2.0000,1664
1150608,4552,力達-KY,148413,3052617,20.05,21.05,20.05,21.00,0.4500,98
1150608,4555,氣立,880827,43074864,47.55,51.00,47.55,50.70,-2.1000,642
1150608,4557,永新-KY,113714,5068938,45.55,45.55,43.55,45.10,-0.6000,116
1150608,4560,強信-KY,469204,14954787,32.00,32.60,31.35,31.60,-1.2000,221
1150608,4562,穎漢,894043,33255644,36.50,38.20,36.50,37.65,-2.9000,717
1150608,4564,元翎,675038,10418494,15.35,15.85,14.60,15.60,-0.4000,476
1150608,4566,時碩工業,871697,54451554,61.80,64.00,61.60,63.60,-4.6000,812
1150608,4569,六方科-KY,103321,16355061,154.00,162.00,154.00,161.50,-8.0000,135
1150608,4571,鈞興-KY,660578,122692184,177.00,191.50,177.00,191.00,-4.0000,825
1150608,4572,駐龍,63789,8888354,136.00,144.00,136.00,143.00,-3.5000,182
1150608,4576,大銀微系統,2427655,497641618,198.50,214.50,198.50,210.00,-10.5000,3167
1150608,4581,光隆精密-KY,7146,355411,49.00,50.20,49.00,49.90,0.0000,13
1150608,4582,聚恆-創,270787,6638616,24.00,25.50,23.55,25.50,0.0000,130
1150608,4583,台灣精銳,166365,105152743,625.00,650.00,619.00,642.00,-33.0000,610
1150608,4585,達明,424734,137057331,318.00,329.00,316.00,326.00,-20.0000,1328
1150608,4588,玖鼎電力,154524,8826737,56.00,58.20,56.00,57.80,-2.4000,174
1150608,4590,富田-創,186615,13593394,71.20,73.80,71.20,73.30,-1.6000,187
1150608,4720,德淵,3248922,80827371,24.60,25.25,24.60,25.00,-2.3000,1821
1150608,4722,國精化,520332,129822752,249.50,249.50,249.50,249.50,-27.5000,880
1150608,4736,泰博,234975,29254298,122.00,126.00,122.00,124.50,-1.5000,288
1150608,4737,華廣,123528,6545882,51.00,54.60,49.75,53.70,-1.3000,105
1150608,4739,康普,10643265,1239208594,108.00,123.00,108.00,118.50,0.5000,7489
1150608,4746,台耀,865597,44785701,51.20,52.60,50.60,52.50,-0.7000,636
1150608,4755,三福化,698197,95144651,134.00,141.50,133.00,140.50,-7.0000,763
1150608,4763,材料*-KY,6552207,275985177,41.10,42.65,41.05,42.35,-1.2000,3676
1150608,4764,雙鍵,1566489,411023638,254.00,278.00,254.00,270.50,-11.5000,1890
1150608,4766,南寶,1363787,465529115,330.00,360.50,330.00,360.00,-6.5000,1863
1150608,4770,上品,821069,182472441,220.00,227.00,217.50,225.50,-12.0000,1073
1150608,4771,望隼,257091,48932762,186.00,193.00,186.00,191.50,-4.5000,1727
1150608,4807,日成-KY,753364,26324605,35.30,36.05,34.65,34.65,-3.8500,464
1150608,4904,遠傳,9459578,956648720,102.00,102.50,100.00,101.00,-0.5000,4396
1150608,4906,正文,16936572,736016003,43.20,44.10,43.20,43.70,-4.2500,9006
1150608,4912,聯德控股-KY,779061,68813999,85.30,90.90,85.20,89.50,-3.2000,707
1150608,4915,致伸,5184770,388149283,73.50,75.80,73.50,74.80,-2.6000,4270
1150608,4916,事欣科,3708077,414887341,108.00,119.00,108.00,116.00,-4.0000,3557
1150608,4919,新唐,2523703,405067068,160.50,160.50,160.50,160.50,-17.5000,3596
1150608,4927,泰鼎-KY,10899525,523765713,46.65,51.30,46.65,50.80,-1.0000,6588
1150608,4930,燦星網,53568,940052,17.70,17.85,17.30,17.35,-0.6500,234
1150608,4934,太極,1627981,24596895,14.90,15.35,14.90,15.25,-1.3000,707
1150608,4935,茂林-KY,367290,13763279,37.00,38.90,37.00,37.70,-3.4000,248
1150608,4938,和碩,37235560,3399633853,89.00,94.50,87.60,92.10,-4.8000,22848
1150608,4942,嘉彰,149259,5550403,37.70,37.70,36.55,37.20,-1.0000,127
1150608,4943,康控-KY,12087,106614,8.90,8.90,8.80,8.85,-0.0500,15
1150608,4949,有成精密,1595953,140506016,84.60,92.60,84.60,91.80,-2.1000,1402
1150608,4952,凌通,509688,23150565,44.80,46.15,44.75,46.00,-3.4000,506
1150608,4956,光鋐,1983907,77564729,38.60,40.40,38.60,39.95,-2.9000,1543
1150608,4958,臻鼎-KY,10721588,5231584891,456.00,512.00,456.00,512.00,0.0000,20977
1150608,4960,誠美材,7880180,235724517,29.35,30.90,29.35,30.45,-2.1500,4387
1150608,4961,天鈺,952155,148169550,153.00,158.50,153.00,158.00,-10.5000,1417
1150608,4967,十銓,7608345,1984132703,251.50,279.00,251.50,277.50,-1.5000,8930
1150608,4968,立積,1257863,132114348,103.00,107.00,103.00,107.00,-6.5000,1321
1150608,4976,佳凌,1225383,38637661,30.40,32.80,30.40,32.35,-1.3500,843
1150608,4977,眾達-KY,1171478,211510195,180.50,180.50,180.50,180.50,-20.0000,3156
1150608,4989,榮科,5093261,420521212,81.90,84.10,81.90,83.10,-7.8000,4648
1150608,4994,傳奇,50205,4393939,78.90,95.80,78.90,90.00,2.4000,125
1150608,4999,鑫禾,88685,1824834,20.70,20.75,20.00,20.75,-0.9000,310
1150608,5007,三星,45250,2554075,57.10,57.30,56.00,56.00,-1.1000,50
1150608,5203,訊連,778134,52036966,65.10,68.60,65.10,67.90,-3.9000,734
1150608,5215,科嘉-KY,200551,8977109,43.70,45.90,43.70,45.20,-3.2000,356
1150608,5222,全訊,589460,67106716,111.00,116.00,111.00,116.00,-5.5000,898
1150608,5225,東科-KY,497124,35087687,69.00,71.70,69.00,71.00,-3.9000,573
1150608,5234,達興材料,769393,288931362,365.00,392.00,365.00,389.00,-14.5000,1663
1150608,5243,乙盛-KY,3756502,388750488,101.50,108.00,101.50,107.50,-5.0000,3300
1150608,5244,弘凱,279731,10326689,35.10,38.20,35.10,38.20,-0.3000,247
1150608,5258,虹堡,686978,32302832,45.50,48.20,45.50,47.95,-2.3500,632
1150608,5269,祥碩,1542981,2151805125,1375.00,1420.00,1375.00,1400.00,-125.0000,7546
1150608,5283,禾聯碩,110290,5662133,51.00,51.90,51.00,51.70,-0.8000,359
1150608,5284,jpp-KY,895113,339718169,367.00,397.00,367.00,394.00,-12.5000,1517
1150608,5285,界霖,2447657,207734711,82.70,89.50,82.70,87.60,-4.2000,2027
1150608,5288,豐祥-KY,372006,62596991,160.00,173.00,158.00,171.50,5.0000,378
1150608,5292,華懋,191093,39313381,199.00,212.00,199.00,209.50,-7.0000,701
1150608,5306,桂盟,239412,19986985,84.00,84.50,82.30,83.50,-1.5000,317
1150608,5388,中磊,4061479,338808324,81.30,84.90,81.30,84.30,-5.3000,3238
1150608,5434,崇越,788419,343951888,420.00,443.00,419.50,437.50,-21.0000,1520
1150608,5469,瀚宇博,3030460,236882393,76.00,80.80,76.00,80.10,-3.9000,2502
1150608,5471,松翰,1932395,90912195,46.20,48.45,46.10,48.00,-3.2000,1486
1150608,5484,慧友,1916627,101224801,52.20,54.10,52.20,53.00,-4.9000,2323
1150608,5515,建國,459162,18564271,40.25,40.80,39.55,40.70,-0.4500,419
1150608,5519,隆大,530100,16931709,31.90,32.15,31.40,32.15,-0.5500,388
1150608,5521,工信,6344757,63465303,9.90,10.20,9.65,10.20,0.0500,2168
1150608,5522,遠雄,765602,56848556,72.50,75.30,72.50,74.20,-1.9000,811
1150608,5525,順天,106387,2350353,22.55,22.60,21.85,21.95,-0.8500,157
1150608,5531,鄉林,323730,2548561,7.80,7.93,7.65,7.83,-0.2200,192
1150608,5533,皇鼎,339867,4654487,13.70,13.80,13.65,13.75,-0.2500,136
1150608,5534,長虹,2283956,176810353,75.50,78.90,75.40,76.80,-0.6000,1857
1150608,5538,東明-KY,43035,1489438,35.15,36.25,34.10,34.10,-1.0500,38
1150608,5546,永固-KY,228342,3673170,17.10,17.10,15.40,15.40,-1.7000,119
1150608,5607,遠雄港,907635,46798943,50.50,52.50,50.50,52.40,-0.9000,637
1150608,5608,四維航,1396349,20245664,14.10,14.75,14.05,14.65,-0.4000,750
1150608,5706,鳳凰,423559,22111557,52.00,52.70,51.10,52.40,-0.8000,407
1150608,5871,中租-KY,19019042,2193133799,113.50,118.00,112.00,115.50,-2.5000,9664
1150608,5871A,中租-KY甲特,34251,3519158,102.50,103.00,102.50,103.00,0.0000,23
1150608,5876,上海商銀,9180636,368357807,40.20,40.50,39.85,40.15,-0.6000,4019
1150608,5880,合庫金,28384272,655114432,23.00,23.35,22.90,23.05,-0.4000,8761
1150608,5906,台南-KY,187,8435,,,,,0.0000,3
1150608,5907,大洋-KY,116581,594504,5.04,5.20,5.04,5.14,-0.0600,89
1150608,6005,群益證,32310221,1318691645,41.05,42.00,40.55,40.55,-4.5000,15466
1150608,6024,群益期,1060081,63584164,58.50,60.90,58.30,60.60,0.2000,914
1150608,6108,競國,1826980,33988143,18.50,19.05,18.05,18.90,-0.7000,670
1150608,6112,邁達特,6082295,297076564,45.00,51.90,45.00,51.20,1.2000,4822
1150608,6115,鎰勝,433495,21047951,47.00,49.15,47.00,48.70,-0.7000,256
1150608,6116,彩晶,8621232,143542983,16.65,16.65,16.65,16.65,-1.8000,4749
1150608,6117,迎廣,959340,73828676,74.80,79.90,74.80,79.70,-3.3000,838
1150608,6120,達運,3886497,54837480,13.90,14.40,13.85,14.35,-0.9500,1508
1150608,6128,上福,95083,1919598,20.30,20.70,20.00,20.70,-0.1000,77
1150608,6133,金橋,1715753,38736428,21.75,23.35,21.75,23.00,-1.1500,915
1150608,6136,富爾特,352379,8859173,25.05,25.45,24.80,25.35,-0.5000,286
1150608,6139,亞翔,4577970,3336020320,728.00,740.00,728.00,728.00,-80.0000,9671
1150608,6141,柏承,1517811,53552615,34.65,36.55,34.65,35.50,-3.0000,1541
1150608,6142,友勁,391301,3239010,8.28,8.44,8.10,8.40,-0.3100,253
1150608,6152,百一,1662228,24785874,14.75,15.35,14.55,15.20,-0.6000,760
1150608,6153,嘉聯益,23126322,457733204,16.90,20.35,16.85,20.35,1.8500,7540
1150608,6155,鈞寶,63979426,5255017536,72.30,86.70,72.30,77.30,-2.0000,42060
1150608,6164,華興,745755,9137304,12.05,12.60,11.95,12.50,-0.6000,470
1150608,6165,浪凡,474935,22473722,46.50,48.35,46.30,48.35,-1.0000,409
1150608,6166,凌華,2340767,288408503,120.50,127.50,120.00,125.00,-8.0000,2127
1150608,6168,宏齊,2343591,55834957,23.50,24.40,23.50,24.30,-1.7500,1472
1150608,6176,瑞儀,13738293,1282890212,92.10,94.80,91.50,94.10,-6.9000,10197
1150608,6177,達麗,1791097,79918735,43.90,45.00,43.90,44.65,-0.8000,1164
1150608,6183,關貿,50304,4500723,90.80,90.80,89.00,89.10,-1.1000,182
1150608,6184,大豐電,50816,2349074,46.00,47.00,46.00,46.20,-0.8000,165
1150608,6189,豐藝,4023815,211170566,50.00,54.30,50.00,53.20,-1.1000,2997
1150608,6191,精成科,6277911,584974029,90.80,95.20,90.70,94.70,-5.8000,5480
1150608,6192,巨路,395038,49154320,121.00,128.50,121.00,126.50,-2.5000,603
1150608,6196,帆宣,1618289,765122628,457.00,489.00,457.00,487.50,-16.5000,3556
1150608,6197,佳必琪,7264645,2338819963,298.00,329.50,298.00,327.00,2.0000,8790
1150608,6201,亞弘電,55603,2605260,45.30,48.65,45.30,47.70,-1.3000,143
1150608,6202,盛群,3002963,150329005,49.70,51.90,49.50,51.70,-3.3000,2261
1150608,6205,詮欣,1802422,140144114,73.90,83.30,73.90,82.10,0.0000,1627
1150608,6206,飛捷,1812298,237205496,130.00,135.50,128.00,134.50,-7.0000,1583
1150608,6209,今國光,11897924,948195396,79.20,81.20,79.20,80.00,-7.9000,10109
1150608,6213,聯茂,7487353,1759324825,229.50,244.50,229.50,243.50,-11.0000,9793
1150608,6214,精誠,3052483,417351063,131.00,142.00,131.00,140.50,-4.0000,4032
1150608,6215,和椿,1937387,212438535,107.00,112.50,107.00,112.00,-6.0000,1814
1150608,6216,居易,214217,4852019,22.55,22.90,22.30,22.85,-0.7500,205
1150608,6224,聚鼎,1598561,122228224,75.80,77.70,75.80,76.70,-7.5000,1285
1150608,6225,天瀚,175333,4184858,23.60,24.05,23.20,23.65,0.0500,39
1150608,6226,光鼎,1487694,18739135,12.40,12.90,12.25,12.80,-0.8000,787
1150608,6230,尼得科超眾,175999,22549978,125.50,134.00,125.50,134.00,-5.0000,259
1150608,6235,華孚,1336843,54275409,39.85,41.40,39.85,41.30,-2.8500,1070
1150608,6239,力成,14379409,4409147229,304.50,312.50,304.50,309.00,-29.0000,22805
1150608,6243,迅杰,286181,8525218,29.30,30.50,29.30,30.40,-2.1000,302
1150608,6257,矽格,11533410,2323049186,201.00,205.50,201.00,201.00,-22.0000,14315
1150608,6269,台郡,9343237,580937081,61.30,65.20,61.30,64.50,-3.6000,6531
1150608,6271,同欣電,2518717,542067338,213.00,221.50,213.00,218.50,-18.0000,3765
1150608,6272,驊陞,416721,14698682,34.00,37.90,34.00,37.90,0.2000,292
1150608,6277,宏正,431929,31749066,69.50,76.00,69.50,75.50,-1.6000,402
1150608,6278,台表科,11854644,2292281839,186.00,200.00,186.00,197.50,-9.0000,10784
1150608,6281,全國電,149219,7658875,51.40,52.40,50.90,51.00,-1.1000,294
1150608,6282,康舒,45112268,2630328150,57.50,59.40,57.50,58.80,-5.0000,28803
1150608,6283,淳安,213142,5112267,23.65,24.40,23.60,24.30,-1.0500,163
1150608,6285,啟碁,9780056,2629813594,263.00,276.50,263.00,273.50,-18.5000,14431
1150608,6405,悅城,448227,31521193,68.40,76.30,68.40,72.00,-4.0000,385
1150608,6409,旭隼,7075377,6514498148,928.00,972.00,870.00,900.00,-28.0000,9800
1150608,6412,群電,5414590,503368484,88.20,95.70,88.20,94.00,-3.9000,4820
1150608,6414,樺漢,1965556,719391876,353.00,376.00,353.00,372.00,-12.0000,2697
1150608,6415,矽力*-KY,3698288,1941950644,524.00,534.00,524.00,524.00,-58.0000,5653
1150608,6416,瑞祺電通,617003,49426773,78.70,82.70,78.70,82.40,-5.0000,556
1150608,6426,統新,1089153,227925685,207.00,216.50,207.00,215.00,-14.5000,1180
1150608,6431,光麗-KY,70005,1248440,17.90,18.20,17.50,18.05,-0.4500,61
1150608,6438,迅得,953053,138583388,142.00,148.50,142.00,148.50,-9.0000,1366
1150608,6442,光聖,1145589,2170467245,1850.00,1970.00,1850.00,1970.00,-85.0000,5999
1150608,6443,元晶,12147906,439852890,35.95,37.00,35.95,36.15,-3.7500,8624
1150608,6446,藥華藥,3873609,3625164292,907.00,956.00,907.00,926.00,-11.0000,6957
1150608,6449,鈺邦,406227,136612708,334.00,346.00,334.00,337.00,-34.0000,784
1150608,6451,訊芯-KY,2760474,1662188678,600.00,615.00,600.00,600.00,-66.0000,6807
1150608,6456,GIS-KY,10886249,830202709,74.30,79.60,74.30,78.90,-3.6000,8169
1150608,6464,台數科,75489,5855164,75.80,78.40,75.80,78.10,0.1000,643
1150608,6472,保瑞,3431781,1304731882,363.50,393.50,362.50,391.00,19.5000,5663
1150608,6477,安集,982662,30752597,32.15,32.15,30.65,31.70,-2.0000,669
1150608,6491,晶碩,661467,208540436,307.00,320.00,307.00,320.00,-4.5000,1498
1150608,6504,南六,57354,2055529,35.00,36.55,35.00,35.85,-1.1000,58
1150608,6505,台塑化,8476427,444827988,52.80,53.50,51.90,52.60,-2.7000,10692
1150608,6515,穎崴,547718,4502722520,7585.00,8645.00,7585.00,8380.00,-45.0000,7342
1150608,6525,捷敏-KY,2214534,260592219,114.00,120.50,113.50,119.00,-2.0000,7829
1150608,6526,達發,828176,508685232,603.00,629.00,603.00,627.00,-42.0000,2844
1150608,6531,愛普*,933349,848505986,909.00,909.00,909.00,909.00,-101.0000,7328
1150608,6533,晶心科,689116,138637955,199.50,205.00,199.50,202.50,-19.0000,1288
1150608,6534,正瀚-創,281450,25039463,87.70,90.80,87.70,88.70,-2.0000,209
1150608,6541,泰福-KY,561937,23440260,41.80,43.00,40.70,41.75,-0.1500,605
1150608,6550,北極星藥業-KY,1520321,19988034,12.70,13.60,12.65,13.15,-0.2500,713
1150608,6552,易華電,514331,15266426,29.65,30.65,29.65,29.65,-3.2500,838
1150608,6558,興能高,1080899,33776000,29.95,32.80,29.95,32.45,-0.7500,861
1150608,6573,虹揚-KY,405233,6056979,14.50,15.55,14.50,15.05,-1.0500,241
1150608,6579,研揚,661523,98887874,148.00,151.50,147.50,149.50,-13.0000,858
1150608,6581,鋼聯,29902,3231061,109.00,109.00,107.50,108.00,-2.0000,43
1150608,6582,申豐,110589,3420174,31.00,31.40,30.70,31.05,-1.1000,326
1150608,6585,鼎基,3575246,425200727,106.50,123.00,106.50,123.00,11.0000,3438
1150608,6589,台康生技,1628037,69387659,40.20,43.75,40.20,43.45,-0.9000,984
1150608,6591,動力-KY,346225,19086520,53.80,56.80,53.80,56.20,-1.6000,304
1150608,6592,和潤企業,733975,46382482,62.30,63.90,62.30,63.70,-1.3000,933
1150608,6592A,和潤企業甲特,28800,2819651,97.00,98.00,97.00,98.00,0.5000,38
1150608,6592B,和潤企業乙特,6290,613767,97.60,97.60,97.60,97.60,0.0000,31
1150608,6598,ABC-KY,167737,4089894,23.20,24.95,23.20,24.50,0.0000,173
1150608,6605,帝寶,1096705,155918557,139.50,145.00,138.50,145.00,-1.0000,990
1150608,6606,建德工業,161242,4159090,24.85,26.45,24.85,26.45,0.0000,104
1150608,6614,資拓宏宇,134807,5358781,39.45,40.50,38.40,40.00,0.1500,125
1150608,6625,必應,225762,16578273,72.60,74.20,72.00,73.90,-0.8000,275
1150608,6641,基士德-KY,46413,843753,18.25,18.30,18.05,18.20,-0.5500,39
1150608,6645,金萬林-創,631325,8836904,12.20,14.20,12.20,14.20,1.2500,702
1150608,6655,科定,22058,2701914,127.00,127.00,120.50,120.50,-5.5000,23
1150608,6657,華安,146315,5426925,35.50,37.85,35.50,37.25,-1.4500,170
1150608,6658,聯策,1211250,220308062,168.50,192.00,168.50,188.50,0.0000,1292
1150608,6666,羅麗芬-KY,37020,1519925,40.30,41.80,39.55,41.60,-0.7500,39
1150608,6668,中揚光,554432,19662155,35.10,36.25,35.10,36.05,-2.9500,424
1150608,6669,緯穎,1928576,10078649265,5200.00,5330.00,5135.00,5275.00,-385.0000,20875
1150608,6670,復盛應用,277019,75284816,265.00,275.00,264.00,270.00,-6.0000,439
1150608,6671,三能-KY,64782,1720369,27.20,27.25,26.10,26.60,-0.3000,53
1150608,6672,騰輝電子-KY,3449911,716082423,197.50,218.00,197.50,217.00,-2.0000,5184
1150608,6674,鋐寶科技,44100,757139,16.65,18.00,16.65,17.20,-1.2000,43
1150608,6689,伊雲谷,548771,37659885,66.20,72.40,66.20,71.20,-2.3000,608
1150608,6691,洋基工程,734077,444809050,590.00,620.00,590.00,617.00,-25.0000,1731
1150608,6695,芯鼎,1193591,58137384,47.70,50.30,47.65,49.50,-3.3000,1043
1150608,6698,旭暉應材,1386774,57302613,41.20,42.50,41.20,41.20,-4.5500,1417
1150608,6706,惠特,3268305,563347037,171.00,176.00,171.00,173.00,-17.0000,3700
1150608,6715,嘉基,286689,116674527,400.00,421.00,398.00,421.00,-13.0000,532
1150608,6719,力智,1699336,372132402,216.00,223.50,215.50,219.50,-19.0000,1997
1150608,6722,輝創,92569,3557799,38.70,38.90,38.10,38.90,-0.7500,75
1150608,6742,澤米,1483563,79231344,52.20,55.90,52.20,54.50,-3.5000,1503
1150608,6743,安普新,390831,11333300,28.80,29.75,28.50,29.60,-0.6500,291
1150608,6753,龍德造船,764274,89742745,113.00,121.00,113.00,120.00,-3.0000,1044
1150608,6754,匯僑設計,52216,2372975,45.60,45.60,45.00,45.00,-0.6000,38
1150608,6756,威鋒電子,362651,32281066,87.50,91.80,86.20,91.40,-3.9000,421
1150608,6757,台灣虎航,6423234,334005890,52.40,53.10,51.30,52.20,-2.2000,4885
1150608,6768,志強-KY,899051,83831984,89.90,95.00,89.90,95.00,-0.5000,911
1150608,6770,力積電,104480847,7050617547,67.20,68.30,67.20,67.50,-7.1000,62995
1150608,6771,平和環保-創,66127,2731188,42.00,42.00,41.00,41.80,-0.7500,41
1150608,6776,展碁國際,491547,28885007,58.00,60.40,57.30,60.10,-1.1000,460
1150608,6781,AES-KY,1531072,1592903125,1030.00,1065.00,1025.00,1060.00,-75.0000,5943
1150608,6782,視陽,335689,66137935,192.50,200.50,192.50,200.50,0.0000,377
1150608,6789,采鈺,2767945,1311937276,462.00,489.00,462.00,487.50,-25.5000,7088
1150608,6790,永豐實,237500,9301017,38.75,39.35,38.75,39.25,-0.5000,210
1150608,6792,詠業,170162,11518876,68.00,69.00,66.20,67.90,-4.9000,194
1150608,6794,向榮生技,40021,3264334,82.50,82.50,80.80,81.90,-0.9000,30
1150608,6796,晉弘,44882,2681098,59.70,61.30,58.80,59.60,-1.4000,77
1150608,6799,來頡,749414,66326400,88.10,90.70,87.30,90.10,-6.9000,787
1150608,6805,富世達,1291612,2424622565,1760.00,1935.00,1760.00,1895.00,-55.0000,4094
1150608,6806,森崴能源,3737172,19104060,5.10,5.30,5.09,5.30,-0.3400,1806
1150608,6807,峰源-KY,9201,308552,33.70,33.80,33.15,33.50,-0.3000,10
1150608,6830,汎銓,392743,220726552,562.00,562.00,562.00,562.00,-62.0000,4262
1150608,6831,邁科,966863,685839965,670.00,730.00,670.00,715.00,-24.0000,1775
1150608,6834,天二科技,839706,55827598,63.00,73.30,63.00,68.20,-1.8000,618
1150608,6835,圓裕,216274,8138491,36.85,38.90,36.70,37.45,-1.1000,252
1150608,6838,台新藥,167052,4132215,24.20,25.20,24.05,25.20,0.0000,107
1150608,6854,錼創科技-KY創,546108,71674559,127.00,135.50,127.00,134.00,-6.0000,699
1150608,6861,睿生光電,864004,283850850,316.50,346.00,316.50,341.50,-10.0000,1119
1150608,6862,三集瑞-KY,2059700,394703829,184.50,197.00,184.50,191.50,-13.0000,2214
1150608,6863,永道-KY,121411,11886151,95.00,99.90,95.00,99.00,-5.0000,275
1150608,6869,雲豹能源,785739,62529959,78.00,81.00,77.70,80.90,-3.0000,952
1150608,6873,泓德能源,764011,66413956,84.30,89.70,84.30,87.00,-6.0000,911
1150608,6885,全福生技,1254147,31393284,24.00,25.85,24.00,25.40,-1.1500,773
1150608,6887,寶綠特-KY,21166,723876,33.80,34.40,33.80,34.40,-0.5500,20
1150608,6890,來億-KY,5514357,1335972243,222.50,255.00,222.50,249.50,7.0000,6280
1150608,6901,鑽石投資,7754472,120906767,13.70,15.70,13.65,15.70,1.4000,2533
1150608,6902,GOGOLOOK,274756,36997118,137.00,138.00,130.50,138.00,-5.0000,268
1150608,6906,現觀科,264322,24746080,91.00,95.70,91.00,93.90,-7.1000,274
1150608,6908,宏碁遊戲-創,7001,264036,37.20,38.50,37.20,38.50,-1.9500,8
1150608,6909,創控,665171,29620756,43.25,46.35,43.25,46.00,-2.0500,564
1150608,6914,阜爾運通,149697,20966491,139.00,141.00,139.00,140.00,-3.5000,312
1150608,6916,華凌,197601,3703876,19.50,19.50,18.45,18.75,-1.7000,134
1150608,6918,愛派司,65066,4740971,71.90,75.00,71.80,73.00,-1.2000,58
1150608,6919,康霈*,5470458,501857374,88.00,94.50,88.00,91.50,-4.5000,4742
1150608,6921,嘉雨思-創,22606,1600804,70.40,72.70,68.80,72.70,0.0000,27
1150608,6923,中台,156299,12056810,76.10,77.80,76.10,77.20,-1.5000,123
1150608,6924,榮惠-KY創,216232,30892610,142.00,149.50,141.50,146.00,-11.0000,194
1150608,6928,攸泰科技,149159,6455498,42.15,45.10,42.15,44.10,-2.5000,150
1150608,6931,青松健康,65571,2652819,41.20,41.20,40.00,40.65,-0.6500,63
1150608,6933,AMAX-KY,265655,40665673,151.50,157.00,151.00,155.00,-12.5000,352
1150608,6934,心誠鎂,135549,9358788,71.00,73.80,67.20,73.80,2.2000,111
1150608,6936,永鴻生技,48026,1638011,34.00,34.30,33.85,34.30,-0.2500,66
1150608,6937,天虹,875212,224908057,253.50,274.50,253.50,268.00,-13.5000,1591
1150608,6944,兆聯實業,969764,861783445,870.00,911.00,862.00,911.00,-28.0000,2895
1150608,6949,沛爾生醫-創,254728,172228741,610.00,694.00,610.00,677.00,19.0000,385
1150608,6951,青新-創,82852,6756190,81.60,82.60,80.60,81.40,-0.6000,115
1150608,6952,大武山,18369,660910,35.85,36.05,35.85,36.05,-0.4500,23
1150608,6955,邦睿生技-創,9001,1289141,144.00,144.00,142.50,143.50,-1.5000,9
1150608,6957,裕慶-KY,244760,46601785,182.00,195.00,182.00,191.50,0.0000,270
1150608,6958,日盛台駿,104262,1730960,16.20,17.40,16.20,16.40,-0.5000,82
1150608,6958A,日盛台駿甲特,14000,253000,18.05,18.10,18.05,18.05,-0.2500,10
1150608,6962,奕力-KY,3835143,127658503,32.60,33.80,32.60,33.60,-2.4500,2192
1150608,6965,中傑-KY,62603,5041080,79.50,81.70,79.50,81.70,0.0000,77
1150608,6969,成信實業*-創,98101,2631577,26.50,27.55,26.50,27.05,-0.5000,58
1150608,6988,威力暘-創,38026,558561,14.25,15.75,14.25,14.60,0.2500,22
1150608,6994,富威電力,317281,18973411,57.50,62.00,57.50,60.90,-1.8000,283
1150608,7610,聯友金屬-創,243199,397380815,1575.00,1780.00,1575.00,1780.00,30.0000,1452
1150608,7631,聚賢研發-創,36319,4427666,120.00,124.50,119.00,123.50,-3.0000,46
1150608,7705,三商餐飲,57700,1836011,31.35,32.20,31.25,31.75,-0.7500,184
1150608,7711,永擎,717541,258568574,354.00,371.00,354.00,371.00,-22.0000,1518
1150608,7721,微程式,519282,38236679,70.90,77.20,70.90,76.70,-1.6000,487
1150608,7722,LINEPAY,821434,239459262,298.00,303.00,278.00,291.50,-14.0000,1503
1150608,7730,暉盛-創,87382,15287890,167.00,181.00,167.00,179.50,-5.5000,86
1150608,7732,金興精密,11004,395383,36.00,36.00,35.60,35.60,-0.6500,12
1150608,7736,虎山,30175,2141995,72.50,72.50,70.70,70.90,-1.9000,53
1150608,7740,熙特爾-創,366750,60743837,158.00,172.50,158.00,170.50,-2.0000,444
1150608,7749,意騰-KY,395168,171287199,428.00,444.00,425.00,443.50,-21.5000,985
1150608,7750,新代,257338,554119660,2040.00,2220.00,2040.00,2185.00,-75.0000,1571
1150608,7760,享溫馨,61726,1933133,31.00,31.75,31.00,31.10,-0.9500,53
1150608,7765,中華資安,118397,29968678,248.00,259.00,247.50,253.00,-6.0000,204
1150608,7768,頌勝科技,281677,107715692,367.00,400.00,367.00,399.00,-7.5000,567
1150608,7769,鴻勁,942525,6531555375,6595.00,7270.00,6595.00,7035.00,-240.0000,11766
1150608,7780,大研生醫*,2334657,41907598,17.60,18.40,17.45,18.00,-0.1500,1265
1150608,7786,東方風能,323576,38975377,115.50,123.50,115.50,120.00,-5.0000,336
1150608,7788,松川精密,6900617,1619715704,202.00,246.00,202.00,246.00,22.0000,7520
1150608,7791,皇家可口,283718,19154722,67.60,68.00,67.10,67.50,-1.7000,271
1150608,7795,長廣,275318,98496323,355.00,380.00,343.00,365.00,-15.0000,568
1150608,7799,禾榮科,1519199,592848584,359.00,408.00,359.00,377.50,-12.5000,2818
1150608,7803,雲象科技-創,140469,3143520,21.10,22.85,21.10,22.80,-0.4500,79
1150608,7818,溢泰實業,358682,22428961,60.60,63.90,60.60,63.20,-1.1000,297
1150608,7821,神數,266743,11505318,42.50,44.45,42.50,43.60,-1.7500,205
1150608,7822,倍利科,373265,386950230,1035.00,1050.00,1035.00,1035.00,-115.0000,3216
1150608,7823,奧義賽博-KY創,59262,5162524,87.00,92.00,85.50,90.00,-4.1000,79
1150608,7827,漢康-KY創,1704086,261804664,157.00,157.00,147.00,156.50,-3.0000,564
1150608,8011,台通,1192719,21257308,17.30,18.25,17.30,18.05,-0.8500,638
1150608,8016,矽創,1391999,389801298,274.50,287.00,274.00,285.00,-18.5000,2451
1150608,8021,尖點,1941008,848404246,412.50,460.00,412.50,460.00,2.0000,2713
1150608,8028,昇陽半導體,4245639,1290797297,304.00,304.00,304.00,304.00,-33.5000,5205
1150608,8033,雷虎,2710600,344474891,123.00,129.50,123.00,129.00,-5.5000,3106
1150608,8039,台虹,8462620,1083705665,126.50,131.50,126.50,130.50,-10.0000,7675
1150608,8045,達運光電,687372,41183024,61.20,61.80,59.20,60.70,-5.0000,461
1150608,8046,南電,15131933,12346249949,761.00,853.00,761.00,831.00,-14.0000,25881
1150608,8070,長華*,18547867,1078093975,56.50,59.60,56.50,59.30,-3.4000,11200
1150608,8072,陞泰,595508,16782458,27.55,29.05,27.10,28.95,-0.4500,512
1150608,8081,致新,1140203,296719560,263.00,265.50,255.50,260.50,-20.0000,1762
1150608,8101,華冠,6444,97290,15.00,15.30,15.00,15.30,-0.9000,13
1150608,8103,瀚荃,1599504,154658128,91.40,102.50,91.40,99.10,-1.9000,1476
1150608,8104,錸寶,2666923,105555073,38.80,40.60,38.80,40.25,-2.8500,2097
1150608,8105,凌巨,15570556,306251603,18.50,20.60,18.50,19.70,-0.7000,6373
1150608,8110,華東,8560860,439648780,50.90,52.10,50.90,51.60,-4.9000,5969
1150608,8112,至上,21743961,1841359918,83.70,86.10,83.60,84.70,-7.9000,17702
1150608,8112A,至上甲特,14122,654199,46.30,46.35,46.30,46.35,0.0000,9
1150608,8114,振樺電,463086,95636389,206.50,206.50,206.50,206.50,-22.5000,1100
1150608,8131,福懋科,3848238,243003336,62.10,64.40,62.10,63.80,-5.1000,3116
1150608,8150,南茂,6050289,527585283,87.20,87.20,87.20,87.20,-9.6000,8379
1150608,8162,微矽電子-創,589668,38098531,63.70,66.80,63.70,66.50,-4.2000,514
1150608,8163,達方,3503701,131324181,36.60,39.55,36.35,39.00,-1.3500,2499
1150608,8201,無敵,173531,2237676,12.50,13.30,12.50,13.30,-0.5500,129
1150608,8210,勤誠,2323580,3110805480,1235.00,1405.00,1235.00,1375.00,5.0000,5540
1150608,8213,志超,1128508,38816572,34.05,35.05,33.65,34.75,-2.3500,934
1150608,8215,明基材,2355762,64034810,26.70,27.95,26.70,27.85,-1.8000,2195
1150608,8222,寶一,590552,20637774,34.55,35.95,33.80,35.70,-1.1500,456
1150608,8249,菱光,671404,33273527,48.00,52.00,48.00,51.50,-1.8000,667
1150608,8261,富鼎,4924984,762087991,154.00,158.00,154.00,156.00,-15.0000,5029
1150608,8271,宇瞻,3143391,644328904,200.00,210.50,200.00,210.00,-12.0000,3626
1150608,8341,日友,293735,22835380,76.80,78.50,76.80,77.90,-1.1000,396
1150608,8367,建新國際,71635,2871372,40.00,40.50,39.50,40.20,-0.8000,60
1150608,8374,羅昇,1096702,97998306,88.50,91.20,88.50,90.20,-8.1000,1096
1150608,8404,百和興業-KY,492747,8359043,16.10,17.40,16.10,17.30,-0.1500,297
1150608,8411,福貞-KY,290312,3367551,11.20,12.15,11.20,12.15,0.0500,210
1150608,8422,可寧衛*,12955716,348432446,26.10,27.20,26.10,26.95,-1.1500,6576
1150608,8429,金麗-KY,412847,2719071,6.40,6.70,6.40,6.62,-0.1400,212
1150608,8438,昶昕,794553,60601588,75.40,79.50,75.40,79.20,-4.5000,405
1150608,8442,威宏-KY,311702,12607603,40.95,41.55,39.60,40.65,-0.9000,188
1150608,8443,阿瘦,4428,50310,11.35,11.35,11.35,11.35,-0.0500,159
1150608,8454,富邦媒,3356913,1253548923,336.50,388.00,336.50,388.00,35.0000,8880
1150608,8462,柏文,188306,25907558,138.50,139.00,135.00,139.00,-0.5000,239
1150608,8463,潤泰材,56102,1227640,21.65,22.10,21.65,21.80,-0.6000,56
1150608,8464,億豐,1256336,410139221,321.50,331.00,312.00,327.50,-1.0000,1244
1150608,8466,美吉吉-KY,51548,783914,14.90,15.80,14.90,15.60,-0.8000,49
1150608,8467,波力-KY,24643,3055393,120.00,129.00,120.00,129.00,-0.5000,164
1150608,8473,山林水,3578725,186418653,49.05,54.50,49.05,53.90,-0.5000,2877
1150608,8476,台境*,952645,16096859,15.75,17.30,15.40,17.30,1.5500,488
1150608,8478,東哥遊艇,322175,50330739,153.00,159.50,152.50,159.50,-3.0000,449
1150608,8481,政伸,45650,1867435,41.05,41.20,40.75,40.75,-0.6000,38
1150608,8482,商億-KY,3001,148196,49.85,49.85,48.45,48.45,0.0000,4
1150608,8487,愛爾達-創,55665,4374718,78.00,78.80,78.00,78.80,-1.2000,82
1150608,8488,吉源-KY,3492,33348,9.64,9.64,9.64,9.64,-0.2300,10
1150608,8499,鼎炫-KY,94210,25519942,268.00,276.00,265.00,273.50,-19.0000,1680
1150608,8926,台汽電,8618509,571018432,63.80,67.70,63.60,66.90,-2.7000,6641
1150608,8940,新天地,70114,1148399,16.40,16.50,16.30,16.35,-0.5000,207
1150608,8996,高力,5831697,6541513175,1015.00,1230.00,1015.00,1210.00,85.0000,10310
1150608,9103,美德醫療-DR,9476326,57824719,5.60,6.40,5.58,6.06,0.2100,2950
1150608,910322,康師傅-DR,63265,1546175,23.45,24.90,23.45,24.90,-0.0500,56
1150608,9105,泰金寶-DR,16345071,169171076,10.35,10.35,10.35,10.35,-1.1000,6117
1150608,910861,神州-DR,192452,896876,4.53,4.75,4.53,4.63,-0.3400,84
1150608,9110,越南控-DR,124076,455900,3.60,3.88,3.60,3.80,-0.1500,48
1150608,911608,明輝-DR,433853,1427873,3.20,3.45,3.17,3.35,-0.1600,175
1150608,911622,泰聚亨-DR,135251,523551,3.80,4.05,3.80,3.87,-0.2800,72
1150608,911868,同方友友-DR,213006,267307,1.26,1.27,1.24,1.25,-0.0400,72
1150608,912000,晨訊科-DR,1839974,5164695,2.64,2.90,2.64,2.85,-0.0400,404
1150608,9136,巨騰-DR,6494823,111336564,15.70,17.75,15.25,17.75,1.6000,2018
1150608,9802,鈺齊-KY,1135475,88278495,74.90,79.00,74.90,77.70,-1.3000,872
1150608,9902,台火,218774,2942588,13.00,13.70,13.00,13.60,-0.6000,222
1150608,9904,寶成,21151181,547285763,25.80,26.05,25.55,25.90,-0.5500,6538
1150608,9905,大華,350510,7158937,20.45,20.55,20.35,20.45,-0.2000,171
1150608,9906,欣巴巴,392383,16605280,39.60,43.90,39.60,42.30,-0.3000,391
1150608,9907,統一實,4160019,68286308,16.20,16.55,16.20,16.45,-0.2000,1653
1150608,9908,大台北,327024,9564733,29.35,29.35,29.05,29.25,-0.2000,265
1150608,9910,豐泰,8302615,642567234,73.90,79.30,73.90,78.50,1.6000,6614
1150608,9911,櫻花,579221,48482752,83.80,84.10,82.80,84.00,-0.6000,602
1150608,9912,偉聯,67986,833509,11.60,12.55,11.60,12.55,0.0000,87
1150608,9914,美利達,1681554,113141297,65.00,68.60,65.00,68.00,-1.1000,1248
1150608,9917,中保科,825033,95989764,115.50,117.50,115.00,116.50,0.0000,757
1150608,9918,欣天然,44505,1940563,43.50,44.05,43.05,43.80,-1.1500,55
1150608,9919,康那香,678955,9478909,13.80,14.15,13.50,14.00,-0.2000,377
1150608,9921,巨大,1851520,129563721,68.80,71.50,67.90,70.60,-0.2000,1551
1150608,9924,福興,274523,11742530,42.95,43.10,42.10,42.80,-0.4000,352
1150608,9925,新保,438545,17630330,40.20,40.35,40.05,40.20,-0.2500,274
1150608,9926,新海,43430,2124665,49.00,49.10,48.75,48.90,-0.2500,44
1150608,9927,泰銘,241923,16737183,69.70,70.10,68.00,68.90,-0.8000,216
1150608,9928,中視,44683,798354,17.75,18.15,17.70,17.90,0.0000,70
1150608,9929,秋雨,48612,556759,11.35,11.55,11.20,11.20,-0.1500,25
1150608,9930,中聯資源,133684,9181968,68.80,69.10,68.10,68.70,-0.8000,162
1150608,9931,欣高,58638,2023349,34.75,34.75,34.25,34.45,-0.6500,186
1150608,9933,中鼎,8591690,357293511,41.40,42.60,40.65,41.80,-1.6500,5534
1150608,9934,成霖,3175929,33864286,10.50,10.90,10.45,10.75,-0.3000,1025
1150608,9935,慶豐富,263957,4971039,18.60,19.20,18.55,19.00,-0.3000,200
1150608,9937,全國,96677,5379008,54.70,56.20,54.70,55.80,0.1000,84
1150608,9938,百和,1593566,71324320,44.00,45.25,43.60,45.00,-0.5500,988
1150608,9939,宏全,1057297,132751168,122.50,127.00,122.50,126.00,-1.5000,1035
1150608,9940,信義,1185006,23593893,19.35,19.65,19.05,19.30,-0.2000,552
1150608,9941,裕融,6820137,552349506,79.20,83.00,77.90,83.00,1.1000,5455
1150608,9941A,裕融甲特,42680,2151308,50.20,50.50,50.20,50.50,0.1000,25
1150608,9942,茂順,147993,17464218,118.50,118.50,117.00,118.50,-2.0000,165
1150608,9943,好樂迪,110288,6223773,56.40,57.10,55.80,56.60,-0.8000,139
1150608,9944,新麗,52907,888446,16.70,17.05,16.60,16.80,-0.1500,79
1150608,9945,潤泰新,9884908,242706626,24.55,24.75,24.15,24.60,-0.5500,3380
1150608,9946,三發地產,1092324,18315098,16.80,16.95,16.40,16.85,-0.3000,462
1150608,9955,佳龍,283823,7683078,26.05,27.85,26.05,27.40,-1.0000,532
1150608,9958,世紀鋼,5631722,640347886,111.00,116.00,111.00,115.00,-6.0000,4683
